ISO3,CountryName,wat_10,wat_11,wat_12,wat_13,wat_14,wat_15,wat_16,wat_17,wat_18,san_10,san_11,san_12,san_13,san_14,san_15,san_16,san_17,san_18,chmort_10,chmort_11,chmort_12,chmort_13,chmort_14,chmort_15,chmort_16,chmort_17,chmort_18,mortality_10,mortality_11,mortality_12,mortality_13,mortality_14,mortality_15,mortality_16,mortality_17,mortality_18,CHI_v2018_10,CHI_v2018_11,CHI_v2018_12,CHI_v2018_13,CHI_v2018_14,CHI_v2018_15,CHI_v2018_16,CHI_v2018_17,CHI_v2018_18
ABW,Aruba,97.31,97.59,97.87,97.87,97.87,97.87,97.87,97.87,97.87,97.67,97.61,97.54,97.54,97.54,97.54,97.54,97.54,97.54,2.53,2.48,2.44,2.41,2.39,2.37,2.36,2.34,2.34,96.32,96.26,96.18,96.08,95.97,95.89,95.83,95.77,95.77,97.10,97.15,97.20,97.16,97.13,97.10,97.08,97.06,97.06
AFG,Afghanistan,50.05,52.62,55.20,57.79,60.38,62.98,62.98,62.98,62.98,33.56,34.67,35.79,36.93,38.07,39.22,39.22,39.22,39.22,16.65,15.39,14.65,14.42,14.64,15.13,15.70,16.14,16.14,75.80,76.83,77.10,76.58,75.31,73.80,72.23,70.90,70.90,53.14,54.71,56.03,57.10,57.92,58.67,58.14,57.70,57.70
AGO,Angola,40.06,40.26,40.46,40.65,40.83,41.01,41.01,41.01,41.01,33.06,34.34,35.61,36.89,38.16,39.43,39.43,39.43,39.43,44.93,41.94,39.46,37.46,35.88,34.67,33.71,32.90,32.90,34.71,36.85,38.32,39.17,39.46,39.99,40.39,40.68,40.68,35.94,37.15,38.13,38.90,39.48,40.14,40.27,40.37,40.37
AIA,Anguilla,96.94,97.37,97.79,98.22,98.22,98.22,98.22,98.22,98.22,95.26,95.81,96.36,96.92,96.92,96.92,96.92,96.92,96.92,NA,NA,NA,NA,NA,NA,NA,NA,NA,NA,NA,NA,NA,NA,NA,NA,NA,NA,NA,NA,NA,NA,NA,NA,NA,NA,NA
ALB,Albania,88.09,88.11,88.24,89.84,91.37,91.39,91.39,91.39,91.39,95.57,96.18,96.78,97.31,97.68,97.69,97.69,97.69,97.69,1.72,1.70,1.71,1.73,1.73,1.72,1.68,1.64,1.64,97.50,97.45,97.33,97.19,97.08,97.03,97.03,97.05,97.05,93.72,93.91,94.11,94.78,95.37,95.37,95.37,95.38,95.38
AND,Andorra,100.00,100.00,100.00,100.00,100.00,100.00,100.00,100.00,100.00,100.00,100.00,100.00,100.00,100.00,100.00,100.00,100.00,100.00,NA,NA,NA,NA,NA,NA,NA,NA,NA,NA,NA,NA,NA,NA,NA,NA,NA,NA,NA,NA,NA,NA,NA,NA,NA,NA,NA
ARE,United Arab Emirates,99.64,99.64,99.63,99.63,99.63,99.63,99.63,99.63,99.63,99.98,99.98,99.98,99.98,99.98,99.98,99.98,99.98,99.98,1.07,1.04,1.01,0.98,0.95,0.92,0.90,0.87,0.87,98.45,98.44,98.43,98.41,98.40,98.40,98.41,98.43,98.43,99.35,99.35,99.35,99.34,99.34,99.34,99.34,99.34,99.34
ARG,Argentina,99.44,99.48,99.51,99.51,99.63,99.63,99.63,99.63,99.63,94.87,94.85,94.83,94.83,94.84,94.84,94.84,94.84,94.84,2.42,2.39,2.34,2.30,2.24,2.19,2.13,2.08,2.08,96.48,96.40,96.33,96.27,96.21,96.21,96.23,96.26,96.26,96.93,96.91,96.89,96.87,96.89,96.89,96.90,96.91,96.91
ARM,Armenia,97.64,97.77,97.72,97.67,98.46,98.92,98.92,98.92,98.92,91.21,91.28,91.35,91.42,91.50,91.58,91.58,91.58,91.58,2.87,2.90,2.92,2.92,2.90,2.84,2.77,2.69,2.69,95.84,95.63,95.43,95.25,95.11,95.08,95.10,95.16,95.16,94.89,94.89,94.83,94.78,95.02,95.19,95.20,95.22,95.22
ASM,American Samoa,99.11,99.17,99.23,99.23,99.23,99.23,99.23,99.23,99.23,62.30,62.27,62.23,62.23,62.23,62.23,62.23,62.23,62.23,NA,NA,NA,NA,NA,NA,NA,NA,NA,NA,NA,NA,NA,NA,NA,NA,NA,NA,NA,NA,NA,NA,NA,NA,NA,NA,NA
ATG,Antigua and Barbuda,97.09,96.97,96.86,96.74,96.74,96.74,96.74,96.74,96.74,86.33,86.72,87.11,87.50,87.50,87.50,87.50,87.50,87.50,2.33,2.30,2.26,2.22,2.17,2.11,2.05,1.99,1.99,96.61,96.54,96.47,96.40,96.34,96.34,96.37,96.41,96.41,93.34,93.41,93.48,93.55,93.53,93.53,93.54,93.55,93.55
AUS,Australia,99.89,99.91,99.93,99.95,99.96,99.97,99.97,99.97,99.97,100.00,100.00,100.00,100.00,100.00,100.00,100.00,100.00,100.00,0.76,0.74,0.72,0.70,0.68,0.66,0.65,0.63,0.63,98.89,98.88,98.87,98.86,98.85,98.85,98.86,98.87,98.87,99.59,99.60,99.60,99.60,99.60,99.61,99.61,99.61,99.61
AUT,Austria,100.00,100.00,100.00,100.00,100.00,100.00,100.00,100.00,100.00,99.98,99.98,99.98,99.98,99.98,99.97,99.97,99.97,99.97,0.73,0.69,0.66,0.62,0.59,0.56,0.52,0.50,0.50,98.94,98.95,98.97,98.99,99.01,99.04,99.07,99.10,99.10,99.64,99.65,99.65,99.65,99.66,99.67,99.68,99.69,99.69
AZE,Azerbaijan,81.78,82.30,82.82,83.34,83.86,84.38,84.38,84.38,84.38,81.59,83.17,84.74,86.30,87.86,89.35,89.35,89.35,89.35,5.76,5.24,4.83,4.53,4.32,4.20,4.13,4.09,4.09,91.63,92.12,92.45,92.65,92.71,92.73,92.70,92.62,92.62,85.00,85.86,86.67,87.43,88.14,88.82,88.81,88.78,88.78
BDI,Burundi,54.79,55.04,55.30,55.56,55.83,55.93,55.93,55.93,55.93,47.88,48.53,49.18,49.82,50.48,50.46,50.46,50.46,50.46,52.52,51.13,49.77,48.47,47.22,46.03,44.88,43.76,43.76,23.68,23.01,22.20,21.29,20.34,20.33,20.64,21.09,21.09,42.12,42.19,42.22,42.22,42.21,42.24,42.34,42.50,42.50
BEL,Belgium,100.00,100.00,100.00,100.00,100.00,100.00,100.00,100.00,100.00,99.49,99.49,99.49,99.49,99.49,99.49,99.49,99.49,99.49,0.84,0.82,0.80,0.78,0.75,0.73,0.71,0.68,0.68,98.78,98.77,98.75,98.74,98.73,98.74,98.75,98.77,98.77,99.42,99.42,99.41,99.41,99.40,99.41,99.41,99.42,99.42
BEN,Benin,64.76,65.22,65.67,66.12,66.57,67.02,67.02,67.02,67.02,12.54,12.81,13.09,13.37,13.65,13.93,13.93,13.93,13.93,43.45,42.28,41.23,40.27,39.39,38.58,37.81,37.09,37.09,36.86,36.33,35.55,34.60,33.55,33.22,33.13,33.13,33.13,38.05,38.12,38.10,38.03,37.92,38.06,38.03,38.02,38.02
BES,Caribbean Netherlands,NA,NA,NA,NA,NA,NA,NA,NA,NA,NA,NA,NA,NA,NA,NA,NA,NA,NA,NA,NA,NA,NA,NA,NA,NA,NA,NA,80.64,80.36,80.05,79.73,79.40,79.31,79.30,79.32,79.32,NA,NA,NA,NA,NA,NA,NA,NA,NA
BFA,Burkina Faso,51.29,51.80,52.31,52.83,53.34,53.86,53.86,53.86,53.86,18.12,19.02,19.91,20.79,21.67,22.53,22.53,22.53,22.53,48.31,43.63,39.74,36.65,34.33,32.69,31.58,30.77,30.77,29.80,34.30,37.87,40.48,42.09,43.41,44.15,44.52,44.52,33.07,35.04,36.70,38.03,39.03,39.93,40.18,40.30,40.30
BGD,Bangladesh,96.50,96.67,96.84,97.01,97.17,97.33,97.33,97.33,97.33,39.93,41.35,42.76,44.16,45.55,46.92,46.92,46.92,46.92,10.13,9.30,8.60,8.02,7.56,7.19,6.89,6.65,6.65,85.28,86.00,86.56,86.98,87.25,87.56,87.81,88.01,88.01,73.91,74.67,75.39,76.05,76.66,77.27,77.35,77.42,77.42
BGR,Bulgaria,99.43,99.39,99.34,99.30,99.25,99.26,99.26,99.26,99.26,85.93,85.94,85.95,85.96,85.97,85.98,85.98,85.98,85.98,1.76,1.69,1.63,1.57,1.53,1.49,1.45,1.42,1.42,97.44,97.45,97.45,97.44,97.43,97.43,97.44,97.45,97.45,94.27,94.26,94.25,94.23,94.22,94.22,94.22,94.23,94.23
BHR,Bahrain,100.00,100.00,100.00,100.00,100.00,100.00,100.00,100.00,100.00,100.00,100.00,100.00,100.00,100.00,100.00,100.00,100.00,100.00,2.21,2.10,2.00,1.90,1.83,1.77,1.72,1.68,1.68,96.79,96.84,96.88,96.91,96.92,96.94,96.96,96.97,96.97,98.93,98.95,98.96,98.97,98.97,98.98,98.99,98.99,98.99
BHS,Bahamas,97.89,97.84,97.79,97.79,97.79,97.79,97.79,97.79,97.79,91.44,91.73,92.01,92.01,92.01,92.01,92.01,92.01,92.01,4.57,4.44,4.33,4.22,4.13,4.04,3.96,3.88,3.88,93.36,93.31,93.23,93.14,93.04,93.01,93.00,93.01,93.01,94.23,94.29,94.35,94.31,94.28,94.27,94.27,94.27,94.27
BIH,Bosnia Herzegovina,97.28,97.39,97.50,97.56,97.66,97.66,97.66,97.66,97.66,94.79,94.79,94.78,94.77,94.77,94.78,94.78,94.78,94.78,1.50,1.45,1.41,1.36,1.31,1.27,1.22,1.18,1.18,97.82,97.81,97.80,97.79,97.79,97.81,97.83,97.86,97.86,96.63,96.66,96.70,96.71,96.74,96.75,96.76,96.77,96.77
BLR,Belarus,97.95,97.96,97.97,97.98,97.99,98.01,98.01,98.01,98.01,94.50,94.45,94.40,94.35,94.30,94.25,94.25,94.25,94.25,1.44,1.31,1.19,1.10,1.03,0.98,0.95,0.92,0.92,97.90,98.03,98.13,98.21,98.26,98.30,98.33,98.34,98.34,96.79,96.81,96.83,96.85,96.85,96.85,96.86,96.87,96.87
BLZ,Belize,93.92,94.56,95.20,95.85,96.50,97.13,97.13,97.13,97.13,85.60,85.91,86.22,86.53,86.84,87.16,87.16,87.16,87.16,2.64,2.52,2.40,2.29,2.19,2.10,2.03,1.95,1.95,96.17,96.21,96.25,96.28,96.30,96.36,96.42,96.48,96.48,91.89,92.23,92.56,92.89,93.21,93.55,93.57,93.59,93.59
BMU,Bermuda,99.92,99.91,99.90,99.90,99.90,99.90,99.90,99.90,99.90,99.92,99.91,99.90,99.90,99.90,99.90,99.90,99.90,99.90,NA,NA,NA,NA,NA,NA,NA,NA,NA,NA,NA,NA,NA,NA,NA,NA,NA,NA,NA,NA,NA,NA,NA,NA,NA,NA,NA
BOL,Bolivia,88.56,89.45,90.33,91.19,92.04,92.88,92.88,92.88,92.88,47.81,48.77,49.73,50.69,51.65,52.61,52.61,52.61,52.61,33.17,32.09,31.04,29.98,28.93,27.86,26.78,25.70,25.70,51.80,51.67,51.48,51.31,51.20,51.77,52.63,53.66,53.66,62.72,63.30,63.85,64.40,64.96,65.76,66.04,66.38,66.38
BRA,Brazil,96.26,96.48,96.70,96.91,97.23,97.50,97.50,97.50,97.50,82.04,82.88,83.71,84.53,85.34,86.15,86.15,86.15,86.15,3.33,3.04,2.80,2.61,2.46,2.36,2.28,2.23,2.23,95.16,95.42,95.62,95.76,95.84,95.92,95.96,95.98,95.98,91.15,91.59,92.01,92.40,92.81,93.19,93.20,93.21,93.21
BRB,Barbados,98.25,98.22,98.19,98.16,98.13,98.13,98.13,98.13,98.13,94.00,94.61,95.23,95.84,96.46,96.46,96.46,96.46,96.46,1.55,1.50,1.45,1.42,1.40,1.39,1.38,1.36,1.36,97.74,97.75,97.73,97.69,97.64,97.60,97.57,97.54,97.54,96.66,96.86,97.05,97.23,97.41,97.40,97.38,97.38,97.38
BRN,Brunei Darussalam,99.50,99.51,99.51,99.51,99.51,99.51,99.51,99.51,99.51,96.35,96.35,96.34,96.34,96.33,96.33,96.33,96.33,96.33,1.28,1.27,1.27,1.26,1.24,1.22,1.19,1.15,1.15,98.14,98.08,98.01,97.95,97.90,97.89,97.90,97.92,97.92,98.00,97.98,97.95,97.93,97.92,97.91,97.92,97.92,97.92
BTN,Bhutan,93.62,94.71,95.78,96.82,97.56,97.56,97.56,97.56,97.56,60.00,60.61,61.20,61.77,62.33,62.87,62.87,62.87,62.87,8.56,7.90,7.32,6.84,6.45,6.14,5.88,5.67,5.67,87.56,88.10,88.56,88.90,89.12,89.38,89.60,89.79,89.79,80.39,81.14,81.85,82.50,83.00,83.27,83.34,83.40,83.40
BWA,Botswana,78.56,78.70,78.84,78.99,79.08,79.17,79.17,79.17,79.17,58.58,58.98,59.38,59.78,59.86,59.96,59.96,59.96,59.96,12.28,11.09,10.07,9.16,8.37,7.68,7.09,6.59,6.59,82.15,83.30,84.26,85.12,85.88,86.70,87.46,88.11,88.11,73.10,73.66,74.16,74.63,74.94,75.28,75.53,75.75,75.75
CAF,Central African Republic,53.54,53.71,53.88,53.96,54.05,54.14,54.14,54.14,54.14,23.04,23.90,24.78,24.87,24.98,25.09,25.09,25.09,25.09,68.81,66.41,63.97,61.58,59.28,57.12,55.12,53.27,53.27,0.00,0.00,0.00,0.00,0.00,1.13,2.52,3.96,3.96,25.53,25.87,26.22,26.28,26.34,26.79,27.25,27.73,27.73
CAN,Canada,99.40,99.30,99.20,99.10,99.00,98.90,98.90,98.90,98.90,98.50,98.50,98.50,98.50,98.50,98.50,98.50,98.50,98.50,0.68,0.68,0.69,0.72,0.76,0.82,0.87,0.91,0.91,99.00,98.98,98.92,98.83,98.71,98.59,98.47,98.36,98.36,98.97,98.93,98.87,98.81,98.74,98.66,98.62,98.59,98.59
CHE,Switzerland,100.00,100.00,100.00,100.00,100.00,100.00,100.00,100.00,100.00,99.89,99.89,99.89,99.89,99.89,99.89,99.89,99.89,99.89,0.56,0.53,0.51,0.49,0.47,0.46,0.44,0.42,0.42,99.19,99.20,99.20,99.20,99.20,99.21,99.22,99.24,99.24,99.69,99.70,99.70,99.70,99.70,99.70,99.71,99.71,99.71
CHI,Channel Islands,94.15,94.15,94.15,94.15,94.15,94.15,94.15,94.15,94.15,98.50,98.50,98.50,98.50,98.50,98.50,98.50,98.50,98.50,NA,NA,NA,NA,NA,NA,NA,NA,NA,98.07,98.04,98.00,97.95,97.91,97.89,97.87,97.86,97.86,96.91,96.90,96.88,96.87,96.85,96.85,96.84,96.84,96.84
CHL,Chile,99.02,99.34,99.65,99.93,100.00,100.00,100.00,100.00,100.00,97.75,98.28,98.81,99.23,99.76,99.89,99.89,99.89,99.89,1.60,1.55,1.50,1.45,1.41,1.37,1.33,1.29,1.29,97.67,97.67,97.66,97.64,97.62,97.64,97.66,97.68,97.68,98.15,98.43,98.71,98.93,99.13,99.17,99.18,99.19,99.19
CHN,China,90.85,91.97,93.03,94.02,94.95,95.82,95.82,95.82,95.82,70.14,71.14,72.13,73.11,74.08,75.04,75.04,75.04,75.04,2.24,2.07,1.94,1.84,1.77,1.72,1.68,1.65,1.65,96.74,96.88,96.97,97.01,97.01,97.02,97.02,97.02,97.02,85.91,86.67,87.37,88.04,88.68,89.29,89.29,89.29,89.29
CIV,Cote d'Ivoire,72.58,72.68,72.78,72.87,72.97,73.06,73.06,73.06,73.06,27.37,27.89,28.40,28.92,29.43,29.93,29.93,29.93,29.93,34.95,33.48,32.01,30.59,29.24,28.01,26.89,25.89,25.89,49.21,49.59,49.96,50.33,50.67,51.52,52.44,53.31,53.31,49.72,50.05,50.38,50.71,51.02,51.50,51.81,52.10,52.10
CMR,Cameroon,62.08,62.73,63.37,64.01,64.65,65.28,65.28,65.28,65.28,39.04,38.99,38.95,38.91,38.87,38.83,38.83,38.83,38.83,43.30,41.78,40.27,38.77,37.28,35.80,34.36,32.99,32.99,37.08,37.08,37.04,37.03,37.11,38.03,39.23,40.52,40.52,46.06,46.27,46.45,46.65,46.88,47.38,47.78,48.21,48.21
COD,"Congo, Democratic Republic",39.34,39.84,40.34,40.84,41.34,41.84,41.84,41.84,41.84,20.55,20.38,20.21,20.04,19.88,19.71,19.71,19.71,19.71,49.54,47.65,45.93,44.33,42.82,41.37,39.96,38.59,38.59,28.01,28.25,28.20,28.00,27.77,28.39,29.33,30.42,30.42,29.30,29.49,29.58,29.63,29.66,29.98,30.30,30.66,30.66
COG,Congo,64.22,65.07,65.91,66.73,67.54,68.34,68.34,68.34,68.34,14.25,14.43,14.60,14.77,14.95,15.01,15.01,15.01,15.01,26.76,24.51,22.58,20.90,19.45,18.23,17.20,16.34,16.34,61.11,63.09,64.70,66.06,67.18,68.45,69.58,70.53,70.53,46.53,47.53,48.40,49.19,49.89,50.60,50.98,51.29,51.29
COK,Cook Islands,99.88,99.88,99.88,99.88,99.88,99.88,99.88,99.88,99.88,96.35,96.78,97.20,97.63,97.63,97.63,97.63,97.63,97.63,NA,NA,NA,NA,NA,NA,NA,NA,NA,NA,NA,NA,NA,NA,NA,NA,NA,NA,NA,NA,NA,NA,NA,NA,NA,NA,NA
COL,Colombia,94.59,95.01,95.43,95.84,96.23,96.52,96.52,96.52,96.52,81.75,82.30,82.85,83.39,83.92,84.44,84.44,84.44,84.44,7.66,7.55,7.43,7.30,7.14,6.98,6.80,6.61,6.61,88.87,88.63,88.38,88.15,87.95,87.92,87.98,88.08,88.08,88.40,88.65,88.89,89.13,89.36,89.63,89.65,89.68,89.68
COM,Comoros,84.44,84.25,84.06,83.87,83.69,83.70,83.70,83.70,83.70,32.02,32.54,33.08,33.61,34.15,34.17,34.17,34.17,34.17,23.64,22.59,21.60,20.70,19.90,19.21,18.61,18.05,18.05,65.64,65.99,66.24,66.39,66.42,66.74,67.09,67.45,67.45,60.70,60.93,61.12,61.29,61.42,61.54,61.65,61.77,61.77
CPV,Cape Verde,83.51,84.26,85.01,85.62,85.83,86.46,86.46,86.46,86.46,58.68,60.75,62.81,64.41,64.82,65.21,65.21,65.21,65.21,4.36,4.31,4.23,4.13,4.01,3.88,3.74,3.60,3.60,93.66,93.51,93.39,93.29,93.23,93.28,93.38,93.50,93.50,78.61,79.50,80.40,81.11,81.29,81.65,81.68,81.72,81.72
CRI,Costa Rica,98.37,98.70,99.01,99.30,99.56,99.70,99.70,99.70,99.70,96.32,96.50,96.67,96.84,97.00,97.15,97.15,97.15,97.15,2.09,2.07,2.11,2.18,2.30,2.44,2.58,2.70,2.70,96.97,96.88,96.71,96.45,96.12,95.78,95.44,95.14,95.14,97.22,97.36,97.46,97.53,97.56,97.54,97.43,97.33,97.33
CUB,Cuba,94.51,94.64,94.78,94.91,95.04,95.18,95.18,95.18,95.18,90.31,90.41,90.52,90.62,90.72,90.82,90.82,90.82,90.82,1.44,1.43,1.41,1.39,1.36,1.33,1.29,1.26,1.26,97.91,97.85,97.80,97.75,97.71,97.70,97.71,97.73,97.73,94.24,94.30,94.36,94.43,94.49,94.57,94.57,94.58,94.58
CUW,Curacao,99.37,99.37,99.37,99.37,99.37,99.37,99.37,99.37,99.37,98.82,98.82,98.82,98.82,98.82,98.82,98.82,98.82,98.82,2.18,2.09,2.01,1.94,1.87,1.82,1.78,1.74,1.74,96.83,96.85,96.86,96.85,96.84,96.85,96.86,96.87,96.87,98.34,98.35,98.35,98.35,98.34,98.35,98.35,98.35,98.35
CYM,Cayman Islands,96.13,96.13,96.13,96.13,96.13,96.13,96.13,96.13,96.13,95.55,95.55,95.55,95.55,95.55,95.55,95.55,95.55,95.55,NA,NA,NA,NA,NA,NA,NA,NA,NA,NA,NA,NA,NA,NA,NA,NA,NA,NA,NA,NA,NA,NA,NA,NA,NA,NA,NA
CYP,Cyprus,100.00,100.00,100.00,100.00,100.00,100.00,100.00,100.00,100.00,99.65,99.59,99.54,99.48,99.43,99.37,99.37,99.37,99.37,0.80,0.79,0.78,0.77,0.75,0.73,0.71,0.69,0.69,98.84,98.81,98.78,98.75,98.73,98.73,98.75,98.76,98.76,99.49,99.47,99.44,99.41,99.39,99.37,99.37,99.38,99.38
CZE,Czech Republic,99.86,99.86,99.87,99.87,99.88,99.88,99.88,99.88,99.88,99.14,99.14,99.14,99.14,99.14,99.14,99.14,99.14,99.14,0.67,0.64,0.62,0.60,0.58,0.56,0.55,0.54,0.54,99.03,99.04,99.04,99.03,99.02,99.02,99.02,99.03,99.03,99.34,99.35,99.35,99.35,99.35,99.35,99.35,99.35,99.35
DEU,Germany,100.00,100.00,100.00,100.00,100.00,100.00,100.00,100.00,100.00,99.22,99.22,99.22,99.22,99.22,99.22,99.22,99.22,99.22,0.71,0.68,0.65,0.62,0.59,0.56,0.53,0.50,0.50,98.97,98.97,98.98,98.99,99.00,99.03,99.07,99.10,99.10,99.40,99.40,99.40,99.40,99.41,99.42,99.43,99.44,99.44
DJI,Djibouti,76.30,76.45,76.60,76.75,76.90,76.92,76.92,76.92,76.92,51.21,51.23,51.27,51.30,51.34,51.38,51.38,51.38,51.38,32.96,31.72,30.59,29.62,28.82,28.20,27.71,27.30,27.30,52.10,52.23,52.18,51.90,51.38,51.19,50.99,50.77,50.77,59.87,59.97,60.02,59.98,59.87,59.83,59.76,59.69,59.69
DMA,Dominica,96.23,96.50,96.50,96.50,96.50,96.50,96.50,96.50,96.50,76.63,77.89,77.89,77.89,77.89,77.89,77.89,77.89,77.89,NA,NA,NA,NA,NA,NA,NA,NA,NA,NA,NA,NA,NA,NA,NA,NA,NA,NA,NA,NA,NA,NA,NA,NA,NA,NA,NA
DNK,Denmark,100.00,100.00,100.00,100.00,100.00,100.00,100.00,100.00,100.00,99.60,99.60,99.60,99.60,99.60,99.60,99.60,99.60,99.60,0.62,0.60,0.58,0.57,0.55,0.53,0.51,0.49,0.49,99.10,99.10,99.09,99.08,99.07,99.08,99.09,99.11,99.11,99.57,99.57,99.56,99.56,99.56,99.56,99.56,99.57,99.57
DOM,Dominican Republic,93.53,93.73,93.91,94.08,94.23,94.48,94.48,94.48,94.48,81.78,81.99,82.18,82.37,82.54,82.70,82.70,82.70,82.70,3.23,3.19,3.14,3.08,3.02,2.96,2.89,2.82,2.82,95.30,95.20,95.10,95.00,94.90,94.88,94.89,94.91,94.91,90.20,90.30,90.40,90.48,90.56,90.69,90.69,90.69,90.69
DZA,Algeria,92.39,92.61,92.83,93.05,93.26,93.47,93.47,93.47,93.47,86.56,86.77,86.97,87.15,87.33,87.49,87.49,87.49,87.49,4.95,4.73,4.54,4.39,4.26,4.14,4.02,3.90,3.90,92.80,92.88,92.90,92.87,92.82,92.84,92.89,92.96,92.96,90.58,90.76,90.90,91.02,91.14,91.27,91.28,91.30,91.30
ECU,Ecuador,89.46,90.09,90.72,91.36,91.99,92.61,92.61,92.61,92.61,81.20,82.19,83.19,84.18,85.16,86.14,86.14,86.14,86.14,4.85,4.65,4.49,4.36,4.25,4.15,4.05,3.96,3.96,92.95,92.99,92.97,92.91,92.83,92.82,92.84,92.87,92.87,87.87,88.43,88.96,89.48,89.99,90.52,90.53,90.54,90.54
EGY,Egypt,98.32,98.32,98.33,98.34,98.35,98.36,98.36,98.36,98.36,92.93,92.97,93.02,93.07,93.12,93.17,93.17,93.17,93.17,5.93,5.67,5.43,5.21,5.01,4.81,4.63,4.47,4.47,91.39,91.46,91.51,91.53,91.55,91.67,91.80,91.94,91.94,94.21,94.25,94.29,94.31,94.34,94.40,94.44,94.49,94.49
ERI,Eritrea,18.14,18.32,18.51,18.76,19.02,19.29,19.29,19.29,19.29,10.42,10.70,10.97,11.06,11.16,11.26,11.26,11.26,11.26,14.88,14.09,13.32,12.60,11.92,11.29,10.70,10.14,10.14,78.38,78.78,79.18,79.54,79.88,80.45,81.08,81.72,81.72,35.65,35.93,36.22,36.45,36.69,37.00,37.21,37.42,37.42
ESH,Western Sahara,NA,NA,NA,NA,NA,NA,NA,NA,NA,NA,NA,NA,NA,NA,NA,NA,NA,NA,9.73,9.00,8.35,7.79,7.31,6.89,6.53,6.21,6.21,85.86,86.45,86.95,87.35,87.67,88.07,88.45,88.80,88.80,NA,NA,NA,NA,NA,NA,NA,NA,NA
ESP,Spain,100.00,100.00,100.00,99.97,99.94,99.94,99.94,99.94,99.94,99.90,99.90,99.90,99.90,99.90,99.90,99.90,99.90,99.90,0.67,0.64,0.62,0.59,0.57,0.54,0.52,0.50,0.50,99.02,99.03,99.04,99.04,99.05,99.06,99.07,99.09,99.09,99.64,99.65,99.65,99.64,99.63,99.64,99.64,99.65,99.65
EST,Estonia,99.47,99.51,99.54,99.58,99.62,99.61,99.61,99.61,99.61,99.44,99.47,99.50,99.54,99.57,99.61,99.61,99.61,99.61,1.15,1.11,1.08,1.05,1.02,1.00,0.97,0.95,0.95,98.33,98.33,98.32,98.29,98.27,98.27,98.28,98.29,98.29,99.08,99.10,99.12,99.14,99.15,99.16,99.17,99.17,99.17
ETH,Ethiopia,31.54,33.07,34.59,36.11,37.62,39.12,39.12,39.12,39.12,5.69,5.97,6.24,6.52,6.80,7.08,7.08,7.08,7.08,27.48,25.60,23.97,22.59,21.41,20.41,19.52,18.71,18.71,60.07,61.46,62.53,63.32,63.88,64.68,65.47,66.26,66.26,32.43,33.50,34.45,35.32,36.10,36.96,37.23,37.49,37.49
FIN,Finland,100.00,100.00,100.00,100.00,100.00,100.00,100.00,100.00,100.00,99.45,99.45,99.45,99.45,99.45,99.45,99.45,99.45,99.45,0.64,0.62,0.60,0.56,0.52,0.48,0.43,0.40,0.40,99.07,99.06,99.07,99.09,99.12,99.17,99.23,99.29,99.29,99.50,99.50,99.51,99.51,99.52,99.54,99.56,99.58,99.58
FJI,Fiji,94.07,94.00,93.93,93.86,93.78,93.71,93.71,93.71,93.71,90.13,91.26,92.38,93.49,94.59,95.68,95.68,95.68,95.68,4.31,4.18,4.03,3.89,3.76,3.64,3.53,3.43,3.43,93.74,93.71,93.70,93.68,93.65,93.69,93.75,93.81,93.81,92.65,92.99,93.34,93.67,94.01,94.36,94.38,94.40,94.40
FLK,Falkland Islands (Malvinas),NA,NA,94.49,94.60,94.71,94.82,94.82,94.82,94.82,100.00,100.00,100.00,100.00,100.00,100.00,100.00,100.00,100.00,NA,NA,NA,NA,NA,NA,NA,NA,NA,NA,NA,NA,NA,NA,NA,NA,NA,NA,NA,NA,NA,NA,NA,NA,NA,NA,NA
FRA,France,99.98,99.99,100.00,100.00,100.00,100.00,100.00,100.00,100.00,98.66,98.65,98.65,98.65,98.65,98.65,98.65,98.65,98.65,0.72,0.69,0.66,0.64,0.62,0.60,0.58,0.56,0.56,98.96,98.96,98.96,98.96,98.95,98.96,98.98,98.99,98.99,99.20,99.20,99.20,99.20,99.20,99.21,99.21,99.21,99.21
FRO,Faroe Islands,100.00,100.00,100.00,100.00,100.00,100.00,100.00,100.00,100.00,90.88,90.88,90.88,90.88,90.88,90.88,90.88,90.88,90.88,NA,NA,NA,NA,NA,NA,NA,NA,NA,NA,NA,NA,NA,NA,NA,NA,NA,NA,NA,NA,NA,NA,NA,NA,NA,NA,NA
FSM,Federated States of Micronesia,89.05,88.70,88.34,88.34,88.35,88.35,88.35,88.35,88.35,56.24,56.24,56.24,56.25,56.27,56.27,56.27,56.27,56.27,8.13,7.98,7.83,7.68,7.53,7.37,7.21,7.05,7.05,88.18,87.98,87.76,87.52,87.29,87.24,87.25,87.29,87.29,77.82,77.64,77.45,77.37,77.30,77.28,77.29,77.30,77.30
GAB,Gabon,85.29,85.78,86.25,86.70,87.13,87.54,87.54,87.54,87.54,40.30,40.43,40.56,40.68,40.81,40.93,40.93,40.93,40.93,20.35,19.20,18.13,17.12,16.17,15.30,14.51,13.81,13.81,70.42,71.08,71.66,72.20,72.72,73.52,74.33,75.10,75.10,65.34,65.76,66.15,66.53,66.89,67.33,67.60,67.86,67.86
GBR,United Kingdom,100.00,100.00,100.00,100.00,100.00,100.00,100.00,100.00,100.00,99.12,99.12,99.12,99.11,99.11,99.11,99.11,99.11,99.11,0.72,0.71,0.71,0.74,0.78,0.83,0.88,0.93,0.93,98.95,98.93,98.89,98.81,98.69,98.57,98.44,98.33,98.33,99.35,99.35,99.33,99.31,99.27,99.23,99.18,99.15,99.15
GEO,Georgia,91.65,91.98,92.30,92.62,92.94,93.26,93.26,93.26,93.26,88.81,88.01,87.22,86.43,85.65,84.88,84.88,84.88,84.88,2.20,2.09,2.00,1.93,1.86,1.82,1.78,1.74,1.74,96.80,96.85,96.87,96.87,96.85,96.86,96.86,96.86,96.86,92.42,92.28,92.13,91.97,91.82,91.67,91.67,91.67,91.67
GHA,Ghana,73.51,74.38,75.25,76.11,76.96,77.80,77.80,77.80,77.80,13.28,13.48,13.69,13.89,14.08,14.28,14.28,14.28,14.28,26.29,24.88,23.59,22.48,21.56,20.82,20.24,19.75,19.75,61.80,62.53,63.12,63.50,63.64,63.96,64.20,64.39,64.39,49.53,50.13,50.69,51.16,51.56,52.01,52.09,52.16,52.16
GIB,Gibraltar,99.62,99.62,99.62,99.62,99.62,99.62,99.62,99.62,99.62,NA,NA,NA,NA,NA,NA,NA,NA,NA,NA,NA,NA,NA,NA,NA,NA,NA,NA,NA,NA,NA,NA,NA,NA,NA,NA,NA,NA,NA,NA,NA,NA,NA,NA,NA,NA
GIN,Guinea,63.03,63.89,64.76,65.63,66.50,67.37,67.37,67.37,67.37,17.61,18.48,19.34,20.21,21.08,21.95,21.95,21.95,21.95,43.38,41.30,39.49,37.80,36.16,34.55,32.94,31.38,31.38,36.95,37.81,38.27,38.62,38.99,40.20,41.74,43.42,43.42,39.20,40.06,40.79,41.48,42.19,43.17,43.69,44.25,44.25
GLP,Guadeloupe,99.37,99.42,99.47,99.52,99.57,99.62,99.62,99.62,99.62,98.00,98.15,98.31,98.47,98.63,98.79,98.79,98.79,98.79,0.73,0.69,0.65,0.62,0.59,0.57,0.56,0.54,0.54,98.94,98.97,98.98,98.99,99.00,99.01,99.02,99.03,99.03,98.77,98.85,98.92,98.99,99.06,99.14,99.14,99.14,99.14
GMB,Gambia,78.09,78.49,78.89,79.28,79.67,80.06,80.06,80.06,80.06,45.76,44.92,44.09,43.28,42.48,41.69,41.69,41.69,41.69,31.13,29.25,27.66,26.38,25.42,24.72,24.23,23.87,23.87,54.76,55.96,56.77,57.15,57.12,57.21,57.14,56.95,56.95,59.53,59.79,59.92,59.90,59.76,59.65,59.63,59.57,59.57
GNB,Guinea-Bissau,63.81,64.90,65.99,67.06,68.13,69.20,69.20,69.20,69.20,18.19,18.85,19.50,20.16,20.81,21.47,21.47,21.47,21.47,62.60,60.98,59.38,57.80,56.25,54.72,53.21,51.73,51.73,9.03,8.18,7.18,6.13,5.11,5.29,5.90,6.72,6.72,30.34,30.64,30.89,31.12,31.35,31.98,32.19,32.46,32.46
GNQ,Equatorial Guinea,49.20,49.27,49.35,49.44,49.51,49.59,49.59,49.59,49.59,75.79,75.36,74.93,74.51,74.52,74.54,74.54,74.54,74.54,45.58,43.96,42.39,40.88,39.43,38.04,36.70,35.42,35.42,33.76,33.80,33.73,33.61,33.49,34.16,35.10,36.14,36.14,52.92,52.81,52.67,52.52,52.51,52.76,53.08,53.42,53.42
GRC,Greece,99.91,99.95,100.00,100.00,100.00,100.00,100.00,100.00,100.00,98.21,98.31,98.41,98.50,98.59,98.96,98.96,98.96,98.96,0.70,0.69,0.67,0.64,0.60,0.56,0.52,0.48,0.48,98.98,98.96,98.95,98.96,98.98,99.03,99.08,99.14,99.14,99.03,99.08,99.12,99.15,99.19,99.33,99.35,99.37,99.37
GRD,Grenada,95.63,95.86,95.97,95.63,95.63,95.63,95.63,95.63,95.63,82.38,81.02,79.66,78.30,78.30,78.30,78.30,78.30,78.30,3.63,3.57,3.52,3.46,3.40,3.33,3.25,3.17,3.17,94.73,94.62,94.50,94.38,94.27,94.24,94.25,94.28,94.28,90.91,90.50,90.04,89.44,89.40,89.39,89.39,89.40,89.40
GRL,Greenland,100.00,100.00,100.00,100.00,100.00,100.00,100.00,100.00,100.00,99.47,99.45,99.42,99.39,99.36,99.34,99.34,99.34,99.34,NA,NA,NA,NA,NA,NA,NA,NA,NA,NA,NA,NA,NA,NA,NA,NA,NA,NA,NA,NA,NA,NA,NA,NA,NA,NA,NA
GTM,Guatemala,91.00,91.53,92.05,92.57,93.09,93.60,93.60,93.60,93.60,64.73,65.26,65.79,66.32,66.84,67.36,67.36,67.36,67.36,6.51,6.20,5.93,5.69,5.48,5.29,5.12,4.95,4.95,90.55,90.66,90.73,90.76,90.75,90.84,90.95,91.07,91.07,82.09,82.49,82.86,83.22,83.56,83.93,83.97,84.01,84.01
GUF,French Guiana,93.28,93.29,93.31,93.32,93.33,93.35,93.35,93.35,93.35,92.00,91.63,91.25,90.88,90.51,90.14,90.14,90.14,90.14,1.51,1.48,1.47,1.47,1.49,1.52,1.55,1.57,1.57,97.81,97.77,97.71,97.61,97.48,97.37,97.27,97.18,97.18,94.36,94.23,94.09,93.94,93.77,93.62,93.58,93.55,93.55
GUM,Guam,99.65,99.67,99.70,99.70,99.70,99.70,99.70,99.70,99.70,90.08,90.22,90.35,90.35,90.35,90.35,90.35,90.35,90.35,1.64,1.59,1.54,1.49,1.45,1.42,1.38,1.35,1.35,97.61,97.61,97.60,97.58,97.55,97.55,97.55,97.56,97.56,95.78,95.83,95.88,95.87,95.87,95.87,95.87,95.87,95.87
GUY,Guyana,92.55,92.99,93.42,93.92,94.68,95.07,95.07,95.07,95.07,83.54,84.06,84.59,85.11,85.64,86.16,86.16,86.16,86.16,8.48,8.35,8.22,8.10,7.97,7.85,7.73,7.61,7.61,87.68,87.43,87.15,86.85,86.55,86.41,86.33,86.27,86.27,87.92,88.16,88.39,88.63,88.96,89.22,89.19,89.17,89.17
HKG,Hong Kong,99.66,99.75,99.85,99.95,100.00,100.00,100.00,100.00,100.00,96.57,96.52,96.46,96.41,96.35,96.30,96.30,96.30,96.30,1.04,1.00,0.96,0.93,0.90,0.87,0.85,0.83,0.83,98.49,98.49,98.49,98.49,98.49,98.49,98.50,98.51,98.51,98.24,98.25,98.27,98.28,98.28,98.26,98.27,98.27,98.27
HND,Honduras,89.07,89.71,90.34,90.96,91.57,92.18,92.18,92.18,92.18,74.20,75.35,76.48,77.59,78.69,79.78,79.78,79.78,79.78,13.14,12.97,12.77,12.55,12.30,12.03,11.74,11.43,11.43,80.91,80.47,80.04,79.63,79.25,79.18,79.24,79.39,79.39,81.39,81.84,82.29,82.73,83.17,83.71,83.73,83.78,83.78
HRV,Croatia,99.29,99.37,99.44,99.51,99.59,99.59,99.59,99.59,99.59,97.35,97.37,97.39,97.42,97.44,97.47,97.47,97.47,97.47,1.07,1.06,1.04,1.03,1.01,0.98,0.96,0.93,0.93,98.45,98.41,98.37,98.33,98.30,98.30,98.30,98.31,98.31,98.36,98.38,98.40,98.42,98.44,98.45,98.45,98.46,98.46
HTI,Haiti,62.11,62.55,62.96,63.33,63.68,64.17,64.17,64.17,64.17,26.75,27.68,28.59,29.48,30.36,30.54,30.54,30.54,30.54,33.79,33.05,32.31,31.56,30.82,30.09,29.36,28.66,28.66,50.90,50.23,49.49,48.74,48.01,47.92,48.07,48.33,48.33,46.59,46.82,47.01,47.19,47.35,47.55,47.60,47.68,47.68
HUN,Hungary,99.97,99.97,99.97,99.97,99.97,99.97,99.97,99.97,99.97,98.01,98.00,98.00,98.00,97.99,97.99,97.99,97.99,97.99,0.91,0.87,0.83,0.81,0.79,0.78,0.77,0.77,0.77,98.68,98.69,98.70,98.69,98.67,98.65,98.63,98.61,98.61,98.89,98.89,98.89,98.89,98.88,98.87,98.86,98.86,98.86
IDN,Indonesia,84.79,85.76,86.71,87.66,88.60,89.52,89.52,89.52,89.52,60.49,62.01,63.51,64.99,66.45,67.89,67.89,67.89,67.89,6.13,5.82,5.56,5.33,5.13,4.97,4.83,4.71,4.71,91.09,91.23,91.31,91.35,91.34,91.40,91.46,91.51,91.51,78.79,79.67,80.51,81.33,82.13,82.94,82.96,82.97,82.97
IMN,Isle of Man,NA,96.26,96.26,96.26,96.26,96.26,96.26,96.26,96.26,NA,NA,NA,NA,NA,NA,NA,NA,NA,NA,NA,NA,NA,NA,NA,NA,NA,NA,NA,NA,NA,NA,NA,NA,NA,NA,NA,NA,NA,NA,NA,NA,NA,NA,NA,NA
IND,India,85.26,85.73,86.19,86.65,87.11,87.56,87.56,87.56,87.56,36.72,38.21,39.69,41.18,42.67,44.15,44.15,44.15,44.15,13.61,12.77,12.06,11.46,10.98,10.59,10.27,9.98,9.98,80.22,80.77,81.15,81.38,81.48,81.67,81.84,82.01,82.01,67.40,68.23,69.01,69.74,70.42,71.13,71.18,71.24,71.24
IRL,Ireland,98.11,98.31,98.51,98.72,98.92,98.92,98.92,98.92,98.92,90.98,91.22,91.46,91.70,91.94,92.18,92.18,92.18,92.18,0.66,0.62,0.57,0.53,0.49,0.46,0.43,0.40,0.40,99.04,99.07,99.10,99.14,99.17,99.21,99.25,99.28,99.28,96.04,96.20,96.36,96.52,96.68,96.77,96.78,96.79,96.79
IRN,Iran (Islamic Republic of),95.08,95.04,95.00,94.96,94.91,94.87,94.87,94.87,94.87,87.99,88.04,88.10,88.15,88.22,88.29,88.29,88.29,88.29,2.86,2.69,2.55,2.43,2.33,2.24,2.16,2.08,2.08,95.85,95.95,96.02,96.06,96.08,96.13,96.19,96.25,96.25,92.97,93.01,93.04,93.06,93.07,93.09,93.11,93.13,93.13
IRQ,Iraq,82.50,83.22,83.94,84.66,85.38,86.10,86.10,86.10,86.10,83.29,84.08,84.87,85.66,85.66,85.66,85.66,85.66,85.66,5.57,5.55,5.50,5.44,5.34,5.21,5.05,4.89,4.89,91.90,91.65,91.40,91.17,91.00,90.99,91.06,91.18,91.18,85.90,86.32,86.74,87.17,87.35,87.58,87.61,87.65,87.65
ISL,Iceland,100.00,100.00,100.00,100.00,100.00,100.00,100.00,100.00,100.00,98.78,98.78,98.78,98.78,98.78,98.78,98.78,98.78,98.78,0.80,0.74,0.68,0.62,0.57,0.54,0.52,0.50,0.50,98.83,98.89,98.94,99.00,99.04,99.07,99.09,99.10,99.10,99.21,99.22,99.24,99.26,99.27,99.28,99.29,99.29,99.29
ISR,Israel,100.00,100.00,100.00,100.00,100.00,100.00,100.00,100.00,100.00,100.00,100.00,100.00,100.00,100.00,100.00,100.00,100.00,100.00,0.92,0.88,0.84,0.79,0.75,0.71,0.68,0.65,0.65,98.66,98.68,98.69,98.71,98.73,98.76,98.80,98.83,98.83,99.55,99.56,99.56,99.57,99.58,99.59,99.60,99.61,99.61
ITA,Italy,100.00,100.00,100.00,100.00,100.00,100.00,100.00,100.00,100.00,99.28,99.28,99.28,99.28,99.28,99.28,99.28,99.28,99.28,0.58,0.56,0.54,0.51,0.48,0.45,0.42,0.39,0.39,99.16,99.16,99.16,99.17,99.19,99.22,99.26,99.29,99.29,99.48,99.48,99.48,99.48,99.49,99.50,99.51,99.52,99.52
JAM,Jamaica,92.30,92.45,92.60,92.75,92.90,92.92,92.92,92.92,92.92,84.94,85.05,85.16,85.27,85.38,85.37,85.37,85.37,85.37,3.07,2.98,2.91,2.84,2.78,2.72,2.66,2.60,2.60,95.53,95.51,95.46,95.39,95.32,95.30,95.30,95.31,95.31,90.92,91.00,91.07,91.14,91.20,91.20,91.20,91.20,91.20
JOR,Jordan,98.90,98.83,98.77,98.70,98.63,98.57,98.57,98.57,98.57,97.46,97.31,97.16,97.01,96.86,96.71,96.71,96.71,96.71,2.95,2.88,2.81,2.74,2.67,2.61,2.54,2.48,2.48,95.71,95.67,95.61,95.55,95.49,95.49,95.50,95.53,95.53,97.36,97.27,97.18,97.09,96.99,96.92,96.93,96.94,96.94
JPN,Japan,98.73,98.77,98.82,98.86,98.90,98.95,98.95,98.95,98.95,99.99,100.00,100.00,100.00,100.00,100.00,100.00,100.00,100.00,0.89,0.87,0.86,0.85,0.83,0.81,0.79,0.76,0.76,98.71,98.68,98.65,98.63,98.60,98.60,98.61,98.62,98.62,99.15,99.15,99.16,99.16,99.17,99.18,99.18,99.19,99.19
KAZ,Kazakstan,89.62,89.98,90.34,90.66,90.90,91.15,91.15,91.15,91.15,97.50,97.56,97.62,97.68,97.74,97.81,97.81,97.81,97.81,3.17,3.18,3.20,3.21,3.18,3.11,3.00,2.88,2.88,95.39,95.22,95.00,94.79,94.64,94.62,94.70,94.81,94.81,94.17,94.25,94.32,94.38,94.43,94.52,94.55,94.59,94.59
KEN,Kenya,54.62,55.40,56.18,56.94,57.70,58.46,58.46,58.46,58.46,30.17,30.10,30.03,29.97,29.91,29.84,29.84,29.84,29.84,20.19,18.62,17.26,16.11,15.15,14.39,13.78,13.27,13.27,70.66,71.96,73.02,73.85,74.44,75.10,75.64,76.07,76.07,51.82,52.49,53.08,53.59,54.02,54.47,54.65,54.79,54.79
KGZ,Kyrgyzstan,84.84,85.34,85.85,86.37,86.88,87.27,87.27,87.27,87.27,94.93,95.27,95.60,95.93,96.26,96.59,96.59,96.59,96.59,3.90,3.72,3.56,3.43,3.32,3.22,3.13,3.05,3.05,94.33,94.40,94.43,94.43,94.40,94.43,94.46,94.50,94.50,91.37,91.67,91.96,92.24,92.51,92.76,92.77,92.78,92.78
KHM,Cambodia,67.40,68.91,70.42,71.93,73.45,74.97,74.97,74.97,74.97,36.52,38.97,41.42,43.88,46.35,48.83,48.83,48.83,48.83,6.51,5.79,5.24,4.83,4.51,4.25,4.03,3.84,3.84,90.53,91.28,91.80,92.16,92.39,92.64,92.87,93.07,93.07,64.82,66.39,67.88,69.32,70.73,72.15,72.22,72.29,72.29
KIR,Kiribati,63.63,63.93,64.23,64.28,64.33,64.39,64.39,64.39,64.39,38.14,38.93,39.71,39.73,39.75,39.77,39.77,39.77,39.77,14.78,14.49,14.17,13.82,13.45,13.06,12.66,12.25,12.25,78.52,78.18,77.85,77.55,77.31,77.39,77.62,77.91,77.91,60.10,60.34,60.60,60.52,60.46,60.52,60.59,60.69,60.69
KNA,Saint Kitts and Nevis,98.97,98.97,98.97,98.97,98.97,98.97,98.97,98.97,98.97,91.61,91.61,91.61,91.61,91.61,91.61,91.61,91.61,91.61,NA,NA,NA,NA,NA,NA,NA,NA,NA,NA,NA,NA,NA,NA,NA,NA,NA,NA,NA,NA,NA,NA,NA,NA,NA,NA,NA
KOR,"Korea, Republic of",99.00,99.12,99.24,99.36,99.48,99.59,99.59,99.59,99.59,100.00,100.00,100.00,99.96,99.92,99.89,99.89,99.89,99.89,0.87,0.82,0.77,0.73,0.70,0.67,0.64,0.62,0.62,98.74,98.77,98.79,98.81,98.82,98.85,98.87,98.89,98.89,99.25,99.30,99.34,99.38,99.41,99.44,99.45,99.46,99.46
KWT,Kuwait,100.00,100.00,100.00,100.00,100.00,100.00,100.00,100.00,100.00,100.00,100.00,100.00,100.00,100.00,100.00,100.00,100.00,100.00,2.59,2.50,2.40,2.32,2.25,2.18,2.12,2.07,2.07,96.24,96.24,96.24,96.23,96.21,96.22,96.24,96.26,96.26,98.75,98.75,98.75,98.74,98.74,98.74,98.75,98.75,98.75
LAO,Lao People's Dem. Rep.,69.60,71.79,73.96,76.08,78.38,80.45,80.45,80.45,80.45,58.36,61.27,64.15,66.99,69.81,72.59,72.59,72.59,72.59,16.95,15.83,14.80,13.85,12.98,12.18,11.45,10.77,10.77,75.37,76.17,76.87,77.51,78.11,78.92,79.76,80.58,80.58,67.77,69.74,71.66,73.53,75.43,77.32,77.60,77.87,77.87
LBN,Lebanon,89.97,90.43,90.89,91.34,91.80,92.26,92.26,92.26,92.26,87.55,89.11,90.67,92.24,93.80,95.36,95.36,95.36,95.36,1.56,1.52,1.49,1.46,1.44,1.41,1.39,1.37,1.37,97.73,97.71,97.67,97.63,97.58,97.56,97.55,97.54,97.54,91.75,92.42,93.08,93.73,94.39,95.06,95.05,95.05,95.05
LBR,Liberia,67.24,67.78,68.31,68.84,69.37,69.90,69.90,69.90,69.90,15.59,15.85,16.11,16.36,16.63,16.89,16.89,16.89,16.89,25.11,23.58,22.28,21.14,20.14,19.22,18.36,17.55,17.55,63.51,64.49,65.18,65.66,66.03,66.74,67.54,68.35,68.35,48.78,49.37,49.86,50.29,50.68,51.18,51.44,51.71,51.71
LBY,Libyan Arab Jamahiriya,96.75,96.75,96.75,96.75,96.75,96.75,96.75,96.75,96.75,99.70,99.70,99.70,99.70,99.70,99.70,99.70,99.70,99.70,4.58,4.57,4.54,4.49,4.41,4.31,4.20,4.08,4.08,93.34,93.12,92.91,92.71,92.56,92.53,92.57,92.64,92.64,96.60,96.52,96.45,96.39,96.34,96.33,96.34,96.36,96.36
LCA,Saint Lucia,94.96,95.84,96.64,97.43,98.16,98.16,98.16,98.16,98.16,87.37,88.54,89.72,90.73,90.91,90.91,90.91,90.91,90.91,4.05,3.98,3.91,3.83,3.74,3.64,3.54,3.43,3.43,94.11,94.01,93.89,93.78,93.69,93.69,93.74,93.82,93.82,92.15,92.80,93.42,93.98,94.25,94.25,94.27,94.30,94.30
LIE,Liechtenstein,100.00,100.00,100.00,100.00,100.00,100.00,100.00,100.00,100.00,99.95,99.95,99.95,99.95,99.95,99.95,99.95,99.95,99.95,NA,NA,NA,NA,NA,NA,NA,NA,NA,NA,NA,NA,NA,NA,NA,NA,NA,NA,NA,NA,NA,NA,NA,NA,NA,NA,NA
LKA,Sri Lanka,87.35,88.34,89.33,90.33,91.32,92.31,92.31,92.31,92.31,91.75,92.38,93.02,93.66,94.18,94.21,94.21,94.21,94.21,1.41,1.36,1.34,1.32,1.30,1.27,1.23,1.19,1.19,97.96,97.95,97.91,97.86,97.81,97.81,97.82,97.85,97.85,92.35,92.89,93.42,93.95,94.44,94.77,94.78,94.79,94.79
LSO,Lesotho,69.87,70.21,70.55,70.90,71.25,71.59,71.59,71.59,71.59,31.80,34.21,36.62,39.02,41.41,43.79,43.79,43.79,43.79,26.03,24.30,22.64,21.09,19.67,18.38,17.23,16.15,16.15,62.17,63.41,64.60,65.75,66.82,68.18,69.54,70.87,70.87,54.61,55.94,57.26,58.55,59.82,61.19,61.64,62.09,62.09
LTU,Lithuania,95.29,95.81,96.33,96.85,97.38,97.38,97.38,97.38,97.38,90.70,91.28,91.86,92.45,93.03,93.62,93.62,93.62,93.62,1.16,1.10,1.06,1.03,1.00,0.97,0.95,0.93,0.93,98.31,98.34,98.34,98.33,98.32,98.32,98.32,98.32,98.32,94.77,95.14,95.51,95.88,96.24,96.44,96.44,96.44,96.44
LUX,Luxembourg,99.94,99.94,99.95,99.95,99.95,99.95,99.95,99.95,99.95,97.64,97.63,97.63,97.62,97.62,97.61,97.61,97.61,97.61,0.74,0.65,0.59,0.55,0.54,0.55,0.57,0.60,0.60,98.92,99.02,99.08,99.11,99.10,99.05,98.99,98.92,98.92,98.84,98.86,98.89,98.89,98.89,98.87,98.85,98.83,98.83
LVA,Latvia,98.26,98.32,98.39,98.46,98.53,98.60,98.60,98.60,98.60,90.59,91.05,91.50,91.95,92.41,92.86,92.86,92.86,92.86,1.39,1.34,1.31,1.27,1.24,1.21,1.18,1.15,1.15,97.98,97.98,97.96,97.93,97.90,97.90,97.91,97.92,97.92,95.61,95.78,95.95,96.11,96.28,96.45,96.46,96.46,96.46
MAC,Macau,100.00,100.00,100.00,100.00,100.00,100.00,100.00,100.00,100.00,NA,NA,NA,NA,NA,NA,NA,NA,NA,1.21,1.16,1.10,1.06,1.02,0.98,0.96,0.93,0.93,98.23,98.26,98.27,98.28,98.28,98.30,98.31,98.32,98.32,NA,NA,NA,NA,NA,NA,NA,NA,NA
MAR,Morocco,77.04,78.27,79.48,80.66,81.83,82.97,82.97,82.97,82.97,79.03,79.95,80.86,81.74,82.61,83.47,83.47,83.47,83.47,5.80,5.42,5.08,4.78,4.52,4.30,4.11,3.94,3.94,91.58,91.84,92.06,92.24,92.37,92.55,92.73,92.89,92.89,82.55,83.36,84.13,84.88,85.60,86.33,86.39,86.44,86.44
MCO,Monaco,100.00,100.00,100.00,100.00,100.00,100.00,100.00,100.00,100.00,100.00,100.00,100.00,100.00,100.00,100.00,100.00,100.00,100.00,NA,NA,NA,NA,NA,NA,NA,NA,NA,NA,NA,NA,NA,NA,NA,NA,NA,NA,NA,NA,NA,NA,NA,NA,NA,NA,NA
MDA,Republic of Moldova,85.87,86.07,86.27,86.47,86.68,86.69,86.69,86.69,86.69,76.20,76.63,77.07,77.51,77.95,78.40,78.40,78.40,78.40,3.00,2.74,2.52,2.34,2.21,2.12,2.07,2.04,2.04,95.65,95.87,96.06,96.19,96.27,96.32,96.34,96.32,96.32,85.91,86.19,86.46,86.73,86.97,87.14,87.14,87.14,87.14
MDG,Madagascar,45.67,46.65,47.64,48.63,49.62,50.62,50.62,50.62,50.62,7.90,8.25,8.61,8.97,9.33,9.69,9.69,9.69,9.69,20.36,19.50,18.69,17.93,17.20,16.48,15.76,15.05,15.05,70.41,70.64,70.78,70.88,70.99,71.48,72.13,72.87,72.87,41.33,41.85,42.34,42.83,43.31,43.93,44.15,44.39,44.39
MDV,Maldives,98.19,98.06,98.01,97.97,97.92,97.88,97.88,97.88,97.88,95.39,96.10,96.04,95.98,95.92,95.87,95.87,95.87,95.87,1.77,1.62,1.50,1.42,1.35,1.29,1.23,1.17,1.17,97.42,97.56,97.65,97.70,97.73,97.77,97.83,97.88,97.88,97.00,97.24,97.23,97.22,97.19,97.17,97.19,97.21,97.21
MEX,Mexico,95.46,96.05,96.62,97.19,97.75,98.31,98.31,98.31,98.31,85.18,86.01,86.82,87.63,88.43,89.22,89.22,89.22,89.22,4.72,4.66,4.57,4.48,4.37,4.27,4.17,4.06,4.06,93.14,92.98,92.85,92.73,92.62,92.61,92.63,92.68,92.68,91.26,91.68,92.10,92.52,92.93,93.38,93.39,93.40,93.40
MHL,Marshall Islands,78.55,78.47,78.39,78.31,78.24,78.16,78.16,78.16,78.16,86.51,86.59,86.66,86.74,86.82,86.89,86.89,86.89,86.89,NA,NA,NA,NA,NA,NA,NA,NA,NA,NA,NA,NA,NA,NA,NA,NA,NA,NA,NA,NA,NA,NA,NA,NA,NA,NA,NA
MKD,The former Yugoslav Rep. of Macedonia,96.66,96.67,96.68,96.78,96.78,96.77,96.77,96.77,96.77,90.83,91.01,91.00,90.89,90.90,90.91,90.91,90.91,90.91,1.21,1.16,1.09,1.04,1.01,0.99,0.98,0.98,0.98,98.24,98.26,98.29,98.31,98.30,98.29,98.26,98.23,98.23,95.24,95.31,95.33,95.33,95.33,95.32,95.32,95.31,95.31
MLI,Mali,66.06,67.72,69.37,71.01,72.64,74.27,74.27,74.27,74.27,27.31,28.11,28.90,29.69,30.48,31.27,31.27,31.27,31.27,58.39,54.85,51.88,49.37,47.27,45.51,43.98,42.62,42.62,15.14,17.40,18.91,19.82,20.25,21.23,22.22,23.16,23.16,36.17,37.74,39.06,40.18,41.13,42.25,42.58,42.90,42.90
MLT,Malta,100.00,100.00,100.00,100.00,100.00,100.00,100.00,100.00,100.00,99.98,99.97,99.97,99.97,99.96,99.96,99.96,99.96,99.96,0.99,0.97,0.95,0.92,0.90,0.88,0.85,0.83,0.83,98.56,98.54,98.52,98.50,98.48,98.48,98.49,98.50,98.50,99.51,99.50,99.50,99.49,99.48,99.48,99.48,99.49,99.49
MMR,Myanmar,63.31,64.16,65.01,65.85,66.70,67.54,67.54,67.54,67.54,66.26,65.94,65.63,65.32,65.01,64.70,64.70,64.70,64.70,15.02,14.22,13.51,12.89,12.39,11.98,11.66,11.38,11.38,78.17,78.58,78.89,79.07,79.11,79.26,79.38,79.48,79.48,69.25,69.56,69.84,70.08,70.27,70.50,70.54,70.57,70.57
MNE,Montenegro,96.02,96.17,96.36,96.48,96.73,97.63,97.63,97.63,97.63,93.51,94.04,94.56,95.09,95.62,95.91,95.91,95.91,95.91,2.04,2.44,2.77,2.99,3.09,3.07,2.96,2.81,2.81,97.04,96.33,95.67,95.14,94.78,94.68,94.76,94.94,94.94,95.52,95.51,95.53,95.57,95.71,96.07,96.10,96.16,96.16
MNG,Mongolia,78.04,79.15,80.23,81.26,82.26,83.22,83.22,83.22,83.22,56.47,57.19,57.89,58.48,58.92,59.22,59.22,59.22,59.22,5.93,5.71,5.50,5.30,5.11,4.92,4.74,4.57,4.57,91.38,91.40,91.40,91.40,91.39,91.48,91.62,91.77,91.77,75.29,75.91,76.51,77.05,77.52,77.97,78.02,78.07,78.07
MNP,Northern Mariana Islands,99.18,99.22,99.26,99.26,99.26,99.26,99.26,99.26,99.26,78.00,78.42,78.84,78.84,78.84,78.84,78.84,78.84,78.84,NA,NA,NA,NA,NA,NA,NA,NA,NA,NA,NA,NA,NA,NA,NA,NA,NA,NA,NA,NA,NA,NA,NA,NA,NA,NA,NA
MOZ,Mozambique,38.70,40.40,42.11,43.82,45.54,47.26,47.26,47.26,47.26,19.62,20.40,21.18,21.97,22.76,23.56,23.56,23.56,23.56,42.45,40.73,39.18,37.80,36.56,35.44,34.41,33.46,33.46,38.30,38.67,38.75,38.61,38.32,38.66,39.14,39.67,39.67,32.21,33.15,34.01,34.80,35.54,36.49,36.65,36.83,36.83
MRT,Mauritania,64.76,65.76,66.75,67.72,68.67,69.61,69.61,69.61,69.61,37.36,38.80,40.25,41.70,43.16,44.62,44.62,44.62,44.62,30.01,28.55,27.29,26.27,25.50,24.97,24.64,24.40,24.40,56.39,57.01,57.35,57.35,56.98,56.77,56.43,56.00,56.00,52.84,53.86,54.78,55.59,56.27,57.00,56.89,56.74,56.74
MSR,Montserrat,96.79,96.58,96.58,96.58,96.58,96.58,96.58,96.58,96.58,87.97,88.75,88.75,88.75,88.75,88.75,88.75,88.75,88.75,NA,NA,NA,NA,NA,NA,NA,NA,NA,NA,NA,NA,NA,NA,NA,NA,NA,NA,NA,NA,NA,NA,NA,NA,NA,NA,NA
MTQ,Martinique,99.75,99.77,99.79,99.81,99.84,99.86,99.86,99.86,99.86,98.21,98.44,98.67,98.91,99.14,99.38,99.38,99.38,99.38,1.21,1.16,1.11,1.06,1.01,0.97,0.92,0.88,0.88,98.24,98.25,98.26,98.28,98.29,98.33,98.37,98.41,98.41,98.73,98.82,98.91,99.00,99.09,99.19,99.20,99.21,99.21
MUS,Mauritius,99.73,99.77,99.82,99.87,99.87,99.87,99.87,99.87,99.87,92.73,92.87,93.01,93.15,93.15,93.15,93.15,93.15,93.15,2.11,2.15,2.20,2.24,2.27,2.27,2.26,2.24,2.24,96.93,96.76,96.56,96.36,96.18,96.06,96.00,95.97,95.97,96.46,96.47,96.46,96.46,96.40,96.36,96.34,96.33,96.33
MWI,Malawi,62.00,63.04,64.08,65.12,66.16,67.20,67.20,67.20,67.20,40.53,41.13,41.73,42.33,42.93,43.53,43.53,43.53,43.53,23.38,21.90,20.59,19.42,18.35,17.40,16.54,15.81,15.81,66.03,67.02,67.81,68.46,69.04,69.89,70.74,71.50,71.50,56.19,57.06,57.87,58.64,59.37,60.20,60.49,60.74,60.74
MYS,Malaysia,96.92,96.81,96.71,96.61,96.52,96.43,96.43,96.43,96.43,98.87,99.06,99.24,99.42,99.57,99.57,99.57,99.57,99.57,1.63,1.59,1.54,1.49,1.44,1.40,1.36,1.32,1.32,97.63,97.61,97.60,97.58,97.57,97.58,97.60,97.62,97.62,97.80,97.83,97.85,97.87,97.89,97.86,97.87,97.88,97.88
MYT,Mayotte,98.15,98.15,98.15,98.15,98.15,98.15,98.15,98.15,98.15,76.88,76.88,76.88,76.88,76.88,76.88,76.88,76.88,76.88,0.74,0.69,0.64,0.60,0.58,0.55,0.54,0.52,0.52,98.92,98.97,99.00,99.02,99.03,99.04,99.05,99.06,99.06,91.32,91.33,91.34,91.35,91.35,91.36,91.36,91.36,91.36
NAM,Namibia,78.12,78.25,78.38,78.52,78.65,78.79,78.79,78.79,78.79,32.03,32.41,32.78,33.15,33.50,33.84,33.84,33.84,33.84,11.74,10.73,9.86,9.12,8.53,8.05,7.68,7.37,7.37,82.94,83.84,84.59,85.18,85.62,86.06,86.42,86.72,86.72,64.36,64.83,65.25,65.62,65.92,66.23,66.35,66.45,66.45
NCL,New Caledonia,97.27,97.61,97.95,98.30,98.64,98.98,98.98,98.98,98.98,100.00,100.00,100.00,100.00,100.00,100.00,100.00,100.00,100.00,2.29,2.21,2.14,2.07,2.01,1.95,1.90,1.85,1.85,96.68,96.67,96.66,96.64,96.61,96.62,96.64,96.66,96.66,97.98,98.09,98.20,98.31,98.42,98.53,98.54,98.55,98.55
NER,Niger,43.09,43.63,44.17,44.72,45.27,45.84,45.84,45.84,45.84,10.43,10.92,11.41,11.91,12.42,12.94,12.94,12.94,12.94,67.76,63.20,59.42,56.37,53.98,52.14,50.69,49.44,49.44,1.53,4.83,7.11,8.46,8.93,9.75,10.37,10.85,10.85,18.35,19.79,20.90,21.69,22.21,22.84,23.05,23.21,23.21
NGA,Nigeria,60.69,62.06,63.42,64.75,66.06,67.34,67.34,67.34,67.34,33.67,33.44,33.22,33.01,32.80,32.60,32.60,32.60,32.60,52.74,51.23,49.86,48.53,47.17,45.78,44.36,42.97,42.97,23.36,22.86,22.06,21.19,20.42,20.76,21.55,22.52,22.52,39.24,39.46,39.56,39.65,39.76,40.23,40.50,40.82,40.82
NIC,Nicaragua,81.62,81.74,81.86,81.99,82.12,82.26,82.26,82.26,82.26,71.04,72.10,73.17,74.23,75.29,76.35,76.35,76.35,76.35,4.18,3.96,3.75,3.57,3.41,3.27,3.15,3.04,3.04,93.93,94.03,94.13,94.21,94.25,94.34,94.43,94.51,94.51,82.20,82.63,83.05,83.47,83.89,84.31,84.34,84.37,84.37
NIU,Niue,98.54,98.43,98.31,98.20,98.20,98.20,98.20,98.20,98.20,98.16,97.69,97.23,96.77,96.77,96.77,96.77,96.77,96.77,NA,NA,NA,NA,NA,NA,NA,NA,NA,NA,NA,NA,NA,NA,NA,NA,NA,NA,NA,NA,NA,NA,NA,NA,NA,NA,NA
NLD,Netherlands,100.00,100.00,100.00,100.00,100.00,100.00,100.00,100.00,100.00,97.81,97.79,97.77,97.76,97.74,97.73,97.73,97.73,97.73,0.75,0.72,0.69,0.65,0.61,0.57,0.52,0.49,0.49,98.92,98.92,98.93,98.94,98.97,99.02,99.07,99.12,99.12,98.91,98.90,98.90,98.90,98.90,98.91,98.93,98.95,98.95
NOR,Norway,100.00,100.00,100.00,100.00,100.00,100.00,100.00,100.00,100.00,98.06,98.06,98.06,98.06,98.06,98.06,98.06,98.06,98.06,0.57,0.53,0.51,0.48,0.45,0.43,0.41,0.39,0.39,99.18,99.20,99.21,99.22,99.23,99.26,99.28,99.30,99.30,99.08,99.09,99.09,99.09,99.10,99.10,99.11,99.12,99.12
NPL,Nepal,85.15,85.68,86.21,86.73,87.24,87.75,87.75,87.75,87.75,37.35,39.12,40.88,42.64,44.39,46.13,46.13,46.13,46.13,9.04,8.36,7.76,7.21,6.71,6.25,5.82,5.44,5.44,86.87,87.41,87.88,88.29,88.69,89.19,89.70,90.19,90.19,69.79,70.74,71.66,72.55,73.44,74.35,74.53,74.69,74.69
NRU,Nauru,99.05,99.44,99.84,100.00,100.00,100.00,100.00,100.00,100.00,65.62,65.61,65.60,65.60,65.60,65.60,65.60,65.60,65.60,NA,NA,NA,NA,NA,NA,NA,NA,NA,NA,NA,NA,NA,NA,NA,NA,NA,NA,NA,NA,NA,NA,NA,NA,NA,NA,NA
NZL,New Zealand,100.00,100.00,100.00,100.00,100.00,100.00,100.00,100.00,100.00,100.00,100.00,100.00,100.00,100.00,100.00,100.00,100.00,100.00,1.03,0.98,0.96,0.95,0.97,1.00,1.03,1.06,1.06,98.51,98.52,98.50,98.45,98.37,98.27,98.17,98.08,98.08,99.50,99.51,99.50,99.48,99.46,99.42,99.39,99.36,99.36
OMN,Oman,84.19,85.67,87.13,88.58,90.01,90.94,90.94,90.94,90.94,96.41,97.29,98.16,98.86,99.28,99.32,99.32,99.32,99.32,1.77,1.69,1.63,1.57,1.52,1.47,1.42,1.37,1.37,97.42,97.45,97.46,97.45,97.44,97.46,97.49,97.53,97.53,92.68,93.47,94.25,94.96,95.58,95.91,95.92,95.93,95.93
PAK,Pakistan,88.76,88.72,88.68,88.64,88.60,88.55,88.55,88.55,88.55,49.61,51.36,53.10,54.83,56.55,58.25,58.25,58.25,58.25,19.55,18.95,18.41,17.94,17.53,17.19,16.89,16.61,16.61,71.58,71.47,71.23,70.87,70.42,70.24,70.13,70.05,70.05,69.98,70.52,71.00,71.45,71.85,72.35,72.31,72.28,72.28
PAN,Panama,92.81,93.26,93.70,94.13,94.57,95.00,95.00,95.00,95.00,72.66,73.51,74.35,75.19,76.03,76.87,76.87,76.87,76.87,4.80,4.71,4.64,4.59,4.56,4.53,4.50,4.46,4.46,93.02,92.91,92.75,92.55,92.31,92.16,92.04,91.96,91.96,86.17,86.56,86.93,87.29,87.64,88.01,87.97,87.94,87.94
PER,Peru,87.03,87.62,88.19,88.76,89.32,89.87,89.87,89.87,89.87,72.48,73.37,74.26,75.12,75.98,76.82,76.82,76.82,76.82,11.24,11.01,10.75,10.49,10.20,9.90,9.58,9.25,9.25,83.66,83.43,83.19,82.97,82.79,82.86,83.06,83.33,83.33,81.06,81.47,81.88,82.28,82.69,83.18,83.25,83.34,83.34
PHL,Philippines,88.99,89.28,89.58,89.89,90.19,90.50,90.50,90.50,90.50,72.20,72.75,73.30,73.85,74.41,74.98,74.98,74.98,74.98,7.52,7.31,7.12,6.93,6.76,6.59,6.43,6.28,6.28,89.08,88.99,88.87,88.74,88.60,88.59,88.62,88.67,88.67,83.42,83.67,83.92,84.16,84.40,84.69,84.70,84.72,84.72
PLW,Palau,97.66,98.11,98.53,98.94,99.33,99.58,99.58,99.58,99.58,99.59,100.00,100.00,100.00,100.00,100.00,100.00,100.00,100.00,NA,NA,NA,NA,NA,NA,NA,NA,NA,NA,NA,NA,NA,NA,NA,NA,NA,NA,NA,NA,NA,NA,NA,NA,NA,NA,NA
PNG,Papua New Guinea,36.60,36.59,36.58,36.58,36.59,36.60,36.60,36.60,36.60,18.61,18.60,18.59,18.59,18.60,18.60,18.60,18.60,18.60,15.34,15.09,14.84,14.59,14.34,14.08,13.83,13.57,13.57,77.71,77.28,76.80,76.31,75.81,75.62,75.55,75.53,75.53,44.31,44.16,43.99,43.83,43.66,43.61,43.58,43.58,43.58
POL,Poland,97.90,97.90,97.89,97.89,97.89,97.89,97.89,97.89,97.89,94.38,95.12,95.87,96.62,97.38,98.13,98.13,98.13,98.13,0.89,0.86,0.83,0.80,0.78,0.76,0.74,0.72,0.72,98.71,98.71,98.71,98.70,98.69,98.69,98.69,98.69,98.69,97.00,97.24,97.49,97.74,97.99,98.24,98.24,98.24,98.24
PRI,Puerto Rico,97.10,97.10,97.11,97.11,97.11,97.12,97.12,97.12,97.12,97.12,97.13,97.14,97.14,97.15,97.16,97.16,97.16,97.16,1.57,1.36,1.17,1.02,0.92,0.87,0.86,0.87,0.87,97.72,97.95,98.18,98.35,98.45,98.50,98.48,98.43,98.43,97.31,97.40,97.47,97.53,97.57,97.59,97.58,97.57,97.57
PRK,"Korea, Dem. People's Rep. of",99.65,99.62,99.62,99.62,99.62,99.62,99.62,99.62,99.62,77.04,77.05,77.07,77.09,77.11,77.13,77.13,77.13,77.13,6.73,6.46,6.14,5.83,5.54,5.27,5.02,4.79,4.79,90.22,90.27,90.40,90.53,90.66,90.88,91.12,91.36,91.36,88.97,88.98,89.03,89.08,89.13,89.21,89.29,89.37,89.37
PRT,Portugal,99.58,99.68,99.79,99.87,99.90,99.90,99.90,99.90,99.90,98.79,98.92,99.06,99.19,99.32,99.44,99.44,99.44,99.44,0.74,0.70,0.66,0.61,0.56,0.51,0.46,0.41,0.41,98.93,98.95,98.97,99.00,99.05,99.12,99.19,99.26,99.26,99.10,99.18,99.27,99.35,99.42,99.49,99.51,99.54,99.54
PRY,Paraguay,91.37,92.90,94.41,95.92,97.41,98.89,98.89,98.89,98.89,85.03,86.28,87.52,88.76,89.99,91.22,91.22,91.22,91.22,6.34,6.25,6.17,6.10,6.06,6.03,6.00,5.97,5.97,90.79,90.59,90.36,90.09,89.78,89.56,89.39,89.24,89.24,89.06,89.92,90.77,91.59,92.39,93.22,93.17,93.12,93.12
PSE,"Palestinian Territory, Occupied",87.94,87.89,87.83,87.77,87.71,87.65,87.65,87.65,87.65,95.46,95.57,95.69,95.80,95.91,95.95,95.95,95.95,95.95,3.85,3.73,3.61,3.50,3.39,3.29,3.19,3.10,3.10,94.40,94.38,94.35,94.31,94.28,94.30,94.35,94.41,94.41,92.60,92.61,92.62,92.63,92.63,92.63,92.65,92.67,92.67
PYF,French Polynesia,100.00,100.00,100.00,100.00,100.00,100.00,100.00,100.00,100.00,97.29,97.18,97.07,96.96,96.85,96.85,96.85,96.85,96.85,0.76,0.73,0.70,0.67,0.64,0.61,0.59,0.57,0.57,98.89,98.90,98.91,98.92,98.92,98.94,98.96,98.97,98.97,98.73,98.69,98.66,98.63,98.59,98.60,98.60,98.61,98.61
QAT,Qatar,100.00,100.00,100.00,100.00,100.00,100.00,100.00,100.00,100.00,99.68,99.74,99.81,99.87,99.94,100.00,100.00,100.00,100.00,1.53,1.49,1.45,1.42,1.39,1.36,1.32,1.29,1.29,97.78,97.76,97.73,97.69,97.66,97.65,97.66,97.67,97.67,99.15,99.17,99.18,99.19,99.20,99.22,99.22,99.22,99.22
REU,Reunion,99.50,99.50,99.50,99.50,99.50,99.50,99.50,99.50,99.50,98.98,98.98,98.98,98.98,98.98,98.98,98.98,98.98,98.98,0.74,0.69,0.64,0.60,0.57,0.55,0.53,0.52,0.52,98.92,98.97,99.00,99.02,99.03,99.05,99.06,99.06,99.06,99.13,99.15,99.16,99.16,99.17,99.17,99.18,99.18,99.18
ROU,Romania,100.00,100.00,100.00,100.00,100.00,100.00,100.00,100.00,100.00,81.63,81.66,81.69,81.73,81.77,81.81,81.81,81.81,81.81,1.89,1.79,1.70,1.63,1.57,1.52,1.48,1.45,1.45,97.25,97.31,97.34,97.36,97.36,97.37,97.38,97.39,97.39,92.96,92.99,93.01,93.03,93.04,93.06,93.07,93.07,93.07
RUS,Russian Federation,96.00,96.07,96.15,96.22,96.30,96.38,96.38,96.38,96.38,87.13,87.46,87.79,88.12,88.46,88.79,88.79,88.79,88.79,2.17,2.06,1.96,1.88,1.81,1.76,1.71,1.67,1.67,96.85,96.91,96.93,96.94,96.94,96.96,96.98,97.00,97.00,93.33,93.48,93.62,93.76,93.90,94.04,94.05,94.05,94.05
RWA,Rwanda,53.48,54.13,54.78,55.43,56.07,56.71,56.71,56.71,56.71,57.01,58.14,59.23,60.30,61.34,62.35,62.35,62.35,62.35,25.10,22.77,20.88,19.31,17.99,16.87,15.92,15.14,15.14,63.52,65.71,67.36,68.65,69.66,70.80,71.84,72.69,72.69,58.00,59.32,60.46,61.46,62.36,63.29,63.63,63.92,63.92
SAU,Saudi Arabia,99.36,99.67,99.99,99.99,99.99,99.99,99.99,99.99,99.99,100.00,100.00,100.00,100.00,100.00,100.00,100.00,100.00,100.00,2.53,2.45,2.36,2.28,2.20,2.13,2.06,2.00,2.00,96.33,96.31,96.31,96.30,96.29,96.32,96.36,96.40,96.40,98.56,98.66,98.77,98.76,98.76,98.77,98.78,98.80,98.80
SDN,Sudan,51.87,53.27,54.68,56.10,57.51,58.93,58.93,58.93,58.93,28.33,29.57,30.81,32.06,33.32,34.59,34.59,34.59,34.59,29.12,28.09,27.17,26.37,25.68,25.07,24.52,24.00,24.00,57.68,57.70,57.53,57.17,56.68,56.60,56.63,56.73,56.73,45.96,46.85,47.67,48.44,49.17,50.04,50.05,50.08,50.08
SEN,Senegal,70.70,71.61,72.51,73.41,74.30,75.19,75.19,75.19,75.19,44.99,45.65,46.32,47.00,47.68,48.36,48.36,48.36,48.36,19.02,15.78,13.23,11.33,10.02,9.23,8.81,8.62,8.62,72.36,76.24,79.32,81.61,83.09,84.03,84.42,84.47,84.47,62.68,64.50,66.05,67.34,68.36,69.19,69.32,69.34,69.34
SGP,Singapore,100.00,100.00,100.00,100.00,100.00,100.00,100.00,100.00,100.00,100.00,100.00,100.00,100.00,100.00,100.00,100.00,100.00,100.00,0.54,0.52,0.51,0.49,0.48,0.47,0.46,0.44,0.44,99.22,99.21,99.21,99.20,99.19,99.19,99.19,99.20,99.20,99.74,99.74,99.74,99.73,99.73,99.73,99.73,99.73,99.73
SHN,Saint Helena,98.70,98.75,98.80,98.85,98.90,98.95,98.95,98.95,98.95,99.33,99.44,99.55,99.66,99.78,99.89,99.89,99.89,99.89,NA,NA,NA,NA,NA,NA,NA,NA,NA,NA,NA,NA,NA,NA,NA,NA,NA,NA,NA,NA,NA,NA,NA,NA,NA,NA,NA
SLB,Solomon Islands,71.21,69.74,68.28,66.85,65.43,64.03,64.03,64.03,64.03,27.29,28.28,29.27,29.96,30.63,31.27,31.27,31.27,31.27,7.98,7.35,6.79,6.31,5.90,5.54,5.22,4.95,4.95,88.40,88.94,89.38,89.75,90.05,90.41,90.76,91.08,91.08,62.30,62.32,62.31,62.19,62.04,61.90,62.02,62.13,62.13
SLE,Sierra Leone,51.35,52.70,54.05,55.40,56.75,58.09,58.09,58.09,58.09,13.01,13.31,13.62,13.92,14.23,14.54,14.54,14.54,14.54,56.30,51.25,46.94,43.49,40.92,39.17,38.05,37.28,37.28,18.18,22.83,26.63,29.38,30.96,32.19,32.71,32.78,32.78,27.51,29.61,31.43,32.90,33.98,34.94,35.11,35.14,35.14
SLV,El Salvador,89.09,89.96,90.82,91.66,92.48,93.01,93.01,93.01,93.01,87.87,88.54,89.20,89.85,90.49,91.13,91.13,91.13,91.13,3.03,2.91,2.80,2.70,2.61,2.54,2.46,2.39,2.39,95.60,95.62,95.63,95.62,95.59,95.61,95.65,95.69,95.69,90.85,91.38,91.88,92.38,92.86,93.25,93.26,93.28,93.28
SMR,San Marino,100.00,100.00,100.00,100.00,100.00,100.00,100.00,100.00,100.00,100.00,100.00,100.00,100.00,100.00,100.00,100.00,100.00,100.00,NA,NA,NA,NA,NA,NA,NA,NA,NA,NA,NA,NA,NA,NA,NA,NA,NA,NA,NA,NA,NA,NA,NA,NA,NA,NA,NA
SOM,Somalia,33.36,34.67,35.99,37.32,38.66,40.00,40.00,40.00,40.00,18.51,18.07,17.61,17.15,16.68,16.19,16.19,16.19,16.19,59.49,58.17,56.84,55.50,54.13,52.73,51.29,49.82,49.82,13.54,12.41,11.15,9.88,8.69,8.72,9.30,10.18,10.18,21.80,21.71,21.59,21.45,21.34,21.64,21.83,22.12,22.12
SPM,Saint Pierre and Miquelon,91.40,91.40,91.40,91.40,91.40,91.40,91.40,91.40,91.40,99.34,99.34,99.34,99.34,99.34,99.34,99.34,99.34,99.34,NA,NA,NA,NA,NA,NA,NA,NA,NA,NA,NA,NA,NA,NA,NA,NA,NA,NA,NA,NA,NA,NA,NA,NA,NA,NA,NA
SRB,Serbia,90.06,90.04,90.02,90.00,89.98,91.18,91.18,91.18,91.18,95.61,95.41,95.22,95.02,94.83,94.64,94.64,94.64,94.64,2.06,1.97,1.89,1.82,1.76,1.70,1.66,1.62,1.62,97.01,97.03,97.04,97.04,97.03,97.05,97.07,97.08,97.08,94.23,94.16,94.09,94.02,93.95,94.29,94.30,94.30,94.30
SSD,South Sudan,NA,42.75,44.66,46.58,48.49,50.41,50.41,50.41,50.41,NA,7.01,7.83,8.66,9.50,10.35,10.35,10.35,10.35,52.89,50.98,49.18,47.50,45.91,44.41,42.98,41.61,41.61,23.14,23.24,23.12,22.87,22.55,23.12,23.98,24.97,24.97,NA,24.33,25.20,26.03,26.85,27.96,28.25,28.58,28.58
STP,Sao Tome and Principe,75.60,76.43,77.25,78.07,78.89,79.70,79.70,79.70,79.70,33.62,34.91,36.21,37.50,38.80,40.10,40.10,40.10,40.10,20.90,20.52,20.20,19.88,19.55,19.20,18.83,18.46,18.46,69.63,69.10,68.43,67.72,67.03,66.77,66.70,66.72,66.72,59.61,60.14,60.63,61.10,61.57,62.19,62.17,62.17,62.17
SUR,Suriname,93.73,94.21,94.70,94.69,94.69,94.68,94.68,94.68,94.68,79.57,79.42,79.26,79.25,79.23,79.22,79.22,79.22,79.22,6.74,6.45,6.18,5.94,5.73,5.57,5.43,5.31,5.31,90.21,90.28,90.34,90.36,90.33,90.37,90.40,90.42,90.42,87.84,87.97,88.10,88.10,88.08,88.09,88.10,88.11,88.11
SVK,Slovakia,97.95,97.94,97.94,97.93,97.93,97.93,97.93,97.93,97.93,98.90,98.91,98.91,98.92,98.92,98.93,98.93,98.93,98.93,1.22,1.17,1.12,1.08,1.05,1.02,1.00,0.99,0.99,98.23,98.24,98.25,98.24,98.23,98.23,98.23,98.22,98.22,98.36,98.36,98.37,98.36,98.36,98.36,98.36,98.36,98.36
SVN,Slovenia,99.55,99.54,99.54,99.53,99.52,99.52,99.52,99.52,99.52,99.11,99.11,99.11,99.11,99.11,99.11,99.11,99.11,99.11,0.71,0.69,0.68,0.66,0.64,0.62,0.60,0.58,0.58,98.96,98.95,98.94,98.93,98.92,98.93,98.94,98.95,98.95,99.21,99.20,99.20,99.19,99.18,99.19,99.19,99.19,99.19
SWE,Sweden,100.00,100.00,100.00,100.00,100.00,100.00,100.00,100.00,100.00,99.31,99.31,99.31,99.31,99.31,99.30,99.30,99.30,99.30,0.59,0.55,0.52,0.48,0.46,0.44,0.42,0.41,0.41,99.15,99.17,99.19,99.21,99.23,99.24,99.26,99.27,99.27,99.49,99.49,99.50,99.51,99.51,99.52,99.52,99.52,99.52
SWZ,Swaziland,62.33,63.38,64.43,65.49,66.56,67.63,67.63,67.63,67.63,55.05,55.64,56.24,56.83,57.43,58.03,58.03,58.03,58.03,26.46,24.13,21.79,19.55,17.49,15.70,14.22,13.00,13.00,61.55,63.66,65.94,68.26,70.49,72.82,74.85,76.56,76.56,59.64,60.89,62.20,63.53,64.83,66.16,66.84,67.41,67.41
SXM,Sint Maarten (Dutch part),95.50,95.50,95.50,95.50,95.50,95.50,95.50,95.50,95.50,98.72,98.72,98.72,98.72,98.72,98.72,98.72,98.72,98.72,NA,NA,NA,NA,NA,NA,NA,NA,NA,NA,NA,NA,NA,NA,NA,NA,NA,NA,NA,NA,NA,NA,NA,NA,NA,NA,NA
SYC,Seychelles,95.66,95.90,96.13,96.23,96.24,96.25,96.25,96.25,96.25,98.39,98.81,99.24,99.58,100.00,100.00,100.00,100.00,100.00,2.57,2.56,2.53,2.49,2.42,2.33,2.24,2.15,2.15,96.26,96.14,96.04,95.96,95.92,95.96,96.04,96.12,96.12,96.77,96.95,97.14,97.26,97.39,97.40,97.43,97.46,97.46
SYR,Syrian Arab Republic,96.42,96.55,96.69,96.71,96.73,96.74,96.74,96.74,96.74,92.89,92.88,92.87,92.89,92.92,92.95,92.95,92.95,92.95,2.61,2.68,2.74,2.75,2.72,2.63,2.51,2.38,2.38,96.21,95.96,95.72,95.53,95.42,95.44,95.55,95.72,95.72,95.17,95.13,95.09,95.04,95.02,95.04,95.08,95.14,95.14
TCA,Turks and Caicos Islands,92.08,92.64,93.20,93.76,94.32,94.32,94.32,94.32,94.32,85.96,86.47,86.98,87.48,87.99,87.99,87.99,87.99,87.99,NA,NA,NA,NA,NA,NA,NA,NA,NA,NA,NA,NA,NA,NA,NA,NA,NA,NA,NA,NA,NA,NA,NA,NA,NA,NA,NA
TCD,Chad,41.26,41.50,41.74,42.00,42.27,42.54,42.54,42.54,42.54,9.59,9.57,9.55,9.55,9.54,9.55,9.55,9.55,9.55,68.12,65.57,63.18,61.06,59.25,57.77,56.55,55.46,55.46,1.01,1.26,1.24,0.85,0.04,0.00,0.00,0.00,0.00,17.29,17.44,17.51,17.47,17.28,17.36,17.36,17.36,17.36
TGO,Togo,57.02,58.18,59.34,60.50,61.66,62.82,62.82,62.82,62.82,12.89,13.09,13.30,13.51,13.73,13.95,13.95,13.95,13.95,32.93,31.71,30.72,29.87,29.12,28.44,27.81,27.23,27.23,52.15,52.25,51.98,51.50,50.88,50.77,50.82,50.90,50.90,40.69,41.17,41.54,41.84,42.09,42.51,42.53,42.55,42.55
THA,Thailand,97.11,97.36,97.59,97.81,98.03,98.23,98.23,98.23,98.23,95.00,95.01,95.01,95.01,95.01,95.01,95.01,95.01,95.01,1.99,1.92,1.85,1.78,1.73,1.67,1.62,1.57,1.57,97.11,97.12,97.11,97.10,97.09,97.11,97.14,97.17,97.17,96.41,96.49,96.57,96.64,96.71,96.78,96.79,96.80,96.80
TJK,Tajikistan,69.25,70.46,71.68,72.90,74.12,74.14,74.14,74.14,74.14,93.89,94.29,94.69,95.09,95.49,95.49,95.49,95.49,95.49,11.98,11.21,10.60,10.11,9.73,9.44,9.21,9.02,9.02,82.60,83.11,83.43,83.58,83.58,83.66,83.71,83.74,83.74,81.91,82.62,83.27,83.86,84.40,84.43,84.45,84.46,84.46
TKL,Tokelau,99.06,99.16,99.25,99.34,99.44,99.53,99.53,99.53,99.53,85.79,87.24,88.70,90.16,91.61,93.07,93.07,93.07,93.07,NA,NA,NA,NA,NA,NA,NA,NA,NA,NA,NA,NA,NA,NA,NA,NA,NA,NA,NA,NA,NA,NA,NA,NA,NA,NA,NA
TKM,Turkmenistan,91.16,91.84,92.52,93.18,93.83,94.45,94.45,94.45,94.45,96.14,96.23,96.32,96.40,96.49,96.57,96.57,96.57,96.57,10.39,9.95,9.58,9.27,9.02,8.82,8.65,8.51,8.51,84.90,85.02,85.03,84.95,84.78,84.73,84.70,84.66,84.66,90.73,91.03,91.29,91.51,91.70,91.92,91.91,91.89,91.89
TLS,East Timor,63.11,64.53,65.95,67.38,68.80,70.22,70.22,70.22,70.22,39.77,40.59,41.43,42.28,43.14,44.01,44.01,44.01,44.01,13.17,12.66,12.24,11.84,11.42,10.96,10.48,10.00,10.00,80.86,80.93,80.87,80.78,80.74,81.02,81.47,81.97,81.97,61.25,62.02,62.75,63.48,64.23,65.09,65.23,65.40,65.40
TON,Tonga,99.34,99.48,99.62,99.76,99.91,99.91,99.91,99.91,99.91,91.58,92.05,92.53,93.00,93.46,93.47,93.47,93.47,93.47,4.20,4.12,4.04,3.97,3.89,3.81,3.74,3.66,3.66,93.89,93.79,93.68,93.56,93.44,93.40,93.39,93.40,93.40,94.94,95.11,95.28,95.44,95.60,95.59,95.59,95.59,95.59
TTO,Trinidad and Tobago,96.48,96.94,96.94,96.94,96.94,96.94,96.94,96.94,96.94,92.00,92.15,92.15,92.15,92.15,92.15,92.15,92.15,92.15,6.75,6.58,6.43,6.28,6.14,6.01,5.89,5.77,5.77,90.20,90.09,89.95,89.80,89.64,89.60,89.59,89.59,89.59,92.89,93.06,93.01,92.96,92.91,92.89,92.89,92.89,92.89
TUN,Tunisia,92.32,92.74,93.17,93.59,93.91,94.23,94.23,94.23,94.23,89.28,90.10,90.92,91.74,92.50,93.13,93.13,93.13,93.13,1.62,1.62,1.63,1.63,1.63,1.61,1.58,1.55,1.55,97.64,97.55,97.45,97.35,97.25,97.21,97.20,97.21,97.21,93.08,93.47,93.85,94.23,94.56,94.86,94.85,94.86,94.86
TUR,Turkey,97.91,98.13,98.34,98.54,98.73,98.90,98.90,98.90,98.90,92.04,93.03,94.01,94.98,95.94,96.37,96.37,96.37,96.37,6.27,6.13,6.00,5.85,5.68,5.47,5.24,4.99,4.99,90.89,90.77,90.62,90.50,90.43,90.53,90.74,91.00,91.00,93.61,93.98,94.33,94.67,95.03,95.27,95.34,95.42,95.42
TUV,Tuvalu,98.66,98.81,98.95,99.10,99.25,99.26,99.26,99.26,99.26,90.06,90.62,91.15,91.59,91.40,91.41,91.41,91.41,91.41,NA,NA,NA,NA,NA,NA,NA,NA,NA,NA,NA,NA,NA,NA,NA,NA,NA,NA,NA,NA,NA,NA,NA,NA,NA,NA,NA
TWN,Taiwan,NA,NA,NA,NA,NA,NA,NA,NA,NA,NA,NA,NA,NA,NA,NA,NA,NA,NA,1.19,1.14,1.09,1.05,1.02,0.99,0.96,0.95,0.95,98.27,98.29,98.30,98.30,98.29,98.29,98.29,98.30,98.30,NA,NA,NA,NA,NA,NA,NA,NA,NA
TZA,United Rep. of Tanzania,43.91,45.16,46.41,47.66,48.90,50.15,50.15,50.15,50.15,17.52,18.69,19.88,21.09,22.30,23.53,23.53,23.53,23.53,22.81,21.64,20.57,19.60,18.69,17.85,17.07,16.35,16.35,66.85,67.41,67.84,68.18,68.47,69.11,69.82,70.52,70.52,42.76,43.75,44.71,45.64,46.56,47.60,47.83,48.07,48.07
UGA,Uganda,35.90,36.50,37.11,37.71,38.32,38.92,38.92,38.92,38.92,17.92,18.17,18.41,18.66,18.91,19.15,19.15,19.15,19.15,35.80,34.80,33.87,33.00,32.15,31.31,30.44,29.56,29.56,47.97,47.60,47.05,46.41,45.76,45.81,46.16,46.71,46.71,33.93,34.09,34.19,34.26,34.33,34.63,34.75,34.93,34.93
UKR,Ukraine,96.94,97.07,97.19,97.50,97.62,97.73,97.73,97.73,97.73,95.57,95.66,95.75,95.84,95.93,95.94,95.94,95.94,95.94,2.03,1.87,1.73,1.62,1.53,1.46,1.42,1.38,1.38,97.06,97.19,97.29,97.37,97.42,97.46,97.50,97.52,97.52,96.52,96.64,96.74,96.90,96.99,97.04,97.06,97.06,97.06
URY,Uruguay,98.37,98.56,98.75,98.92,99.09,99.25,99.25,99.25,99.25,95.08,95.20,95.32,95.44,95.56,95.67,95.67,95.67,95.67,2.46,2.42,2.39,2.35,2.31,2.26,2.21,2.15,2.15,96.43,96.35,96.27,96.18,96.11,96.09,96.10,96.12,96.12,96.63,96.71,96.78,96.85,96.92,97.00,97.01,97.01,97.01
USA,United States,99.17,99.18,99.18,99.19,99.20,99.20,99.20,99.20,99.20,99.97,99.97,99.97,99.97,99.97,99.97,99.97,99.97,99.97,1.09,1.06,1.04,1.01,0.98,0.96,0.93,0.90,0.90,98.42,98.40,98.38,98.36,98.34,98.34,98.36,98.37,98.37,99.19,99.18,99.18,99.17,99.17,99.17,99.18,99.18,99.18
UZB,Uzbekistan,91.46,91.46,91.46,91.46,91.46,91.46,91.46,91.46,91.46,100.00,100.00,100.00,100.00,100.00,100.00,100.00,100.00,100.00,6.13,5.72,5.37,5.09,4.89,4.75,4.66,4.59,4.59,91.10,91.39,91.61,91.73,91.75,91.78,91.77,91.73,91.73,94.19,94.28,94.36,94.40,94.40,94.41,94.41,94.40,94.40
VAT,Holy See,NA,NA,NA,NA,NA,NA,NA,NA,NA,NA,NA,NA,NA,NA,NA,NA,NA,NA,NA,NA,NA,NA,NA,NA,NA,NA,NA,NA,NA,NA,NA,NA,NA,NA,NA,NA,NA,NA,NA,NA,NA,NA,NA,NA,NA
VCT,St. Vincent and the Grenadines,94.58,94.72,94.86,95.00,95.15,95.15,95.15,95.15,95.15,82.51,83.68,84.85,86.02,87.18,87.18,87.18,87.18,87.18,4.67,4.57,4.48,4.40,4.32,4.25,4.18,4.11,4.11,93.21,93.12,92.99,92.86,92.71,92.65,92.61,92.60,92.60,90.10,90.50,90.90,91.29,91.68,91.66,91.65,91.64,91.64
VEN,Venezuela,97.11,97.21,97.31,97.41,97.41,97.42,97.42,97.42,97.42,93.20,93.77,94.35,94.91,94.92,94.93,94.93,94.93,94.93,2.38,2.30,2.22,2.16,2.10,2.04,1.99,1.94,1.94,96.54,96.54,96.52,96.50,96.47,96.47,96.49,96.51,96.51,95.62,95.84,96.06,96.27,96.27,96.27,96.28,96.29,96.29
VGB,British Virgin Islands,99.10,99.48,99.86,99.86,99.86,99.86,99.86,99.86,99.86,96.85,96.85,96.86,96.86,96.86,96.86,96.86,96.86,96.86,NA,NA,NA,NA,NA,NA,NA,NA,NA,NA,NA,NA,NA,NA,NA,NA,NA,NA,NA,NA,NA,NA,NA,NA,NA,NA,NA
VIR,United States Virgin Islands,100.00,100.00,100.00,100.00,100.00,100.00,100.00,100.00,100.00,97.40,97.50,97.60,97.60,97.60,97.60,97.60,97.60,97.60,1.57,1.53,1.50,1.46,1.43,1.41,1.38,1.35,1.35,97.72,97.69,97.66,97.62,97.58,97.57,97.56,97.56,97.56,98.37,98.40,98.42,98.41,98.39,98.39,98.39,98.38,98.38
VNM,Viet Nam,86.58,87.42,88.25,89.06,89.87,91.19,91.19,91.19,91.19,70.31,71.93,73.53,75.12,76.68,78.24,78.24,78.24,78.24,5.45,5.27,5.11,4.95,4.81,4.68,4.55,4.43,4.43,92.08,92.06,92.02,91.95,91.88,91.90,91.95,92.01,92.01,82.99,83.80,84.60,85.38,86.14,87.11,87.13,87.15,87.15
VUT,Vanuatu,86.62,87.41,88.20,88.99,89.77,90.50,90.50,90.50,90.50,53.30,53.34,53.37,53.40,53.43,53.47,53.47,53.47,53.47,5.36,5.11,4.88,4.67,4.48,4.30,4.14,3.99,3.99,92.20,92.30,92.37,92.41,92.44,92.55,92.68,92.80,92.80,77.38,77.68,77.98,78.27,78.55,78.84,78.88,78.92,78.92
WLF,Wallis and Futuna Islands,99.60,99.59,99.58,99.58,99.57,99.56,99.56,99.56,99.56,96.67,97.16,97.65,98.14,98.63,99.12,99.12,99.12,99.12,NA,NA,NA,NA,NA,NA,NA,NA,NA,NA,NA,NA,NA,NA,NA,NA,NA,NA,NA,NA,NA,NA,NA,NA,NA,NA,NA
WSM,Samoa,94.69,94.95,95.21,95.43,95.49,95.51,95.51,95.51,95.51,97.55,97.36,97.18,96.99,96.81,96.62,96.62,96.62,96.62,3.74,3.60,3.47,3.37,3.28,3.20,3.13,3.07,3.07,94.56,94.58,94.57,94.53,94.47,94.46,94.46,94.47,94.47,95.60,95.63,95.65,95.65,95.59,95.53,95.53,95.53,95.53
XKX,Kosovo,NA,NA,NA,NA,98.50,98.50,98.50,98.50,98.50,NA,NA,NA,NA,78.30,78.30,78.30,78.30,78.30,NA,NA,NA,NA,3.00,3.00,3.00,3.00,3.00,NA,NA,NA,NA,94.94,94.81,94.69,94.59,94.59,NA,NA,NA,NA,90.58,90.54,90.50,90.46,90.46
YEM,Yemen,60.37,62.42,64.44,66.43,68.41,70.36,70.36,70.36,70.36,52.98,54.34,55.69,57.03,58.36,59.68,59.68,59.68,59.68,17.35,16.62,16.03,15.54,15.13,14.76,14.43,14.13,14.13,74.79,74.97,74.94,74.76,74.48,74.45,74.47,74.52,74.52,62.71,63.91,65.02,66.07,67.08,68.16,68.17,68.19,68.19
ZAF,South Africa,82.33,82.82,83.31,83.78,84.24,84.70,84.70,84.70,84.70,68.89,69.77,70.63,71.48,72.31,73.13,73.13,73.13,73.13,15.37,13.68,12.08,10.67,9.52,8.65,8.04,7.61,7.61,77.66,79.40,81.12,82.67,83.95,85.03,85.79,86.28,86.28,76.30,77.33,78.35,79.31,80.17,80.95,81.20,81.37,81.37
ZMB,Zambia,57.11,57.94,58.77,59.59,60.41,61.23,61.23,61.23,61.23,29.46,29.80,30.13,30.46,30.79,31.11,31.11,31.11,31.11,31.77,30.13,28.57,27.10,25.72,24.42,23.21,22.08,22.08,53.83,54.62,55.34,55.99,56.61,57.73,58.95,60.19,60.19,46.80,47.45,48.08,48.68,49.27,50.02,50.43,50.84,50.84
ZWE,Zimbabwe,68.07,67.76,67.45,67.15,66.85,66.56,66.56,66.56,66.56,39.79,39.55,39.31,39.06,38.82,38.59,38.59,38.59,38.59,25.63,24.11,22.70,21.42,20.30,19.34,18.54,17.83,17.83,62.76,63.69,64.51,65.21,65.75,66.51,67.22,67.85,67.85,56.87,57.00,57.09,57.14,57.14,57.22,57.46,57.67,57.67
